"m","ej","lp","wp","sp","ll","wl","hl","wlDll","wpDwl","wpDlp","lpDll","spDwp","wlDhl","num","nci","cul","med","ret","max","mic"
"a1",2,1.147,0.186,0.131,9.25,3.651,5.494,0.395,0.051,0.162,0.124,0.704,0.665,"31","Citrus × aurantium L. var. tachibana Makino (= C. × deliciosa Ten. = Citrus reticulata × (C. maxima × C. reticulata))","Clementino",0,1,1,0
"a1",1,0.796,0.23,0.158,13.466,6.072,8.677,0.451,0.038,0.289,0.059,0.687,0.7,"31","Citrus × aurantium L. var. tachibana Makino (= C. × deliciosa Ten. = Citrus reticulata × (C. maxima × C. reticulata))","Clementino",0,1,1,0
"a1",3,1.454,0.235,0.132,11.905,4.858,6.581,0.408,0.048,0.162,0.122,0.562,0.738,"31","Citrus × aurantium L. var. tachibana Makino (= C. × deliciosa Ten. = Citrus reticulata × (C. maxima × C. reticulata))","Clementino",0,1,1,0
"a2",1,0.793,0.223,0.161,11.026,5.47,7.588,0.496,0.041,0.281,0.072,0.722,0.721,"33","Citrus × tangor Tanaka (= C. reticulata Blanco subsp. reticulata × C. ×  aurantium L. var. sinensis (L.) Osbeck)","Ellendale",0,1,1,0
"a2",4,0.6,0.157,0.09,5.941,3.2,3.425,0.539,0.049,0.262,0.101,0.573,0.934,"33","Citrus × tangor Tanaka (= C. reticulata Blanco subsp. reticulata × C. ×  aurantium L. var. sinensis (L.) Osbeck)","Ellendale",0,1,1,0
"a2",5,0.734,0.173,0.142,10.894,5.2,7.503,0.477,0.033,0.236,0.067,0.821,0.693,"33","Citrus × tangor Tanaka (= C. reticulata Blanco subsp. reticulata × C. ×  aurantium L. var. sinensis (L.) Osbeck)","Ellendale",0,1,1,0
"a3",1,4.915,2.757,0.148,6.135,3.584,3.647,0.584,0.769,0.561,0.801,0.054,0.983,"116"," Citrus hystrix DC. (C. micrantha Wester) "," Papeda di Maurizio, Lima Kafir",0,0,0,1
"a3",2,3.18,1.398,0.128,5.674,2.872,3.306,0.506,0.487,0.44,0.56,0.092,0.869,"116"," Citrus hystrix DC. (C. micrantha Wester) "," Papeda di Maurizio, Lima Kafir",0,0,0,1
"a3",3,3.003,1.454,0.112,3.23,1.866,1.754,0.578,0.779,0.484,0.93,0.077,1.064,"116"," Citrus hystrix DC. (C. micrantha Wester) "," Papeda di Maurizio, Lima Kafir",0,0,0,1
"a4",3,1.022,0.189,0.123,8.756,3.859,5.24,0.441,0.049,0.185,0.117,0.651,0.736,"45","Citrus × aurantium L. var. tachibana Makino (= C. × deliciosa Ten. = Citrus reticulata × (C. maxima × C. reticulata))","Orogrande",0,1,1,0
"a4",6,0.633,0.124,0.081,4.998,1.489,2.738,0.298,0.083,0.196,0.127,0.653,0.544,"45","Citrus × aurantium L. var. tachibana Makino (= C. × deliciosa Ten. = Citrus reticulata × (C. maxima × C. reticulata))","Orogrande",0,1,1,0
"a4",2,0.81,0.127,0.103,7.557,2.536,3.915,0.336,0.05,0.157,0.107,0.811,0.648,"45","Citrus × aurantium L. var. tachibana Makino (= C. × deliciosa Ten. = Citrus reticulata × (C. maxima × C. reticulata))","Orogrande",0,1,1,0
"b1",2,0.631,0.113,0.064,5.004,1.968,5.004,0.393,0.057,0.179,0.126,0.566,0.393,"112","Citrus × aurantium L. var. tachibana Makino (= C. × deliciosa Ten. = Citrus reticulata × (C. maxima × C. reticulata)) ","Avana apireno nucellare ",0,1,1,0
"b1",4,0.554,0.113,0.075,4.776,2.276,2.271,0.477,0.05,0.204,0.116,0.664,1.002,"112","Citrus × aurantium L. var. tachibana Makino (= C. × deliciosa Ten. = Citrus reticulata × (C. maxima × C. reticulata)) ","Avana apireno nucellare ",0,1,1,0
"b1",5,1.13,0.121,0.08,6.1,2.484,6.1,0.407,0.049,0.107,0.185,0.661,0.407,"112","Citrus × aurantium L. var. tachibana Makino (= C. × deliciosa Ten. = Citrus reticulata × (C. maxima × C. reticulata)) ","Avana apireno nucellare ",0,1,1,0
"b2",2,0.671,0.123,0.106,6.394,2.605,3.591,0.407,0.047,0.183,0.105,0.862,0.725,"118","Citrus × aurantium L. var. tachibana Makino (= C. × deliciosa Ten. = Citrus reticulata × (C. maxima × C. reticulata))","""Tachibana""",0,1,1,0
"b2",3,0.849,0.148,0.095,5.866,2.794,3.439,0.476,0.053,0.174,0.145,0.642,0.812,"118","Citrus × aurantium L. var. tachibana Makino (= C. × deliciosa Ten. = Citrus reticulata × (C. maxima × C. reticulata))","""Tachibana""",0,1,1,0
"b2",5,0.755,0.162,0.115,6.051,2.791,3.629,0.461,0.058,0.215,0.125,0.71,0.769,"118","Citrus × aurantium L. var. tachibana Makino (= C. × deliciosa Ten. = Citrus reticulata × (C. maxima × C. reticulata))","""Tachibana""",0,1,1,0
"b3",2,0.595,0.133,0.115,5.746,3.076,2.96,0.535,0.043,0.224,0.104,0.865,1.039,"40","Citrus × depressa Hayata (= Citrus reticulata × ( C. maxima x (C. medica × C. cavaleriei)))","Shekwasa",1,1,1,0
"b3",5,0.603,0.134,0.118,6.262,2.806,3.751,0.448,0.048,0.222,0.096,0.881,0.748,"40","Citrus × depressa Hayata (= Citrus reticulata × ( C. maxima x (C. medica × C. cavaleriei)))","Shekwasa",1,1,1,0
"b3",6,0.961,0.143,0.131,7.747,4.376,4.011,0.565,0.033,0.149,0.124,0.916,1.091,"40","Citrus × depressa Hayata (= Citrus reticulata × ( C. maxima x (C. medica × C. cavaleriei)))","Shekwasa",1,1,1,0
"b4",2,0.708,0.141,0.107,7.094,3.881,3.834,0.547,0.036,0.199,0.1,0.759,1.012,"40","Citrus × depressa Hayata (= Citrus reticulata × ( C. maxima x (C. medica × C. cavaleriei)))","Shekwasa",1,1,1,0
"b4",3,0.995,0.172,0.115,7.774,4.566,4.29,0.587,0.038,0.173,0.128,0.669,1.064,"40","Citrus × depressa Hayata (= Citrus reticulata × ( C. maxima x (C. medica × C. cavaleriei)))","Shekwasa",1,1,1,0
"b4",6,0.738,0.151,0.092,7.154,3.881,3.492,0.542,0.039,0.205,0.103,0.609,1.111,"40","Citrus × depressa Hayata (= Citrus reticulata × ( C. maxima x (C. medica × C. cavaleriei)))","Shekwasa",1,1,1,0
"c1",5,0.697,0.12,0.085,5.896,1.927,3.547,0.327,0.062,0.172,0.118,0.708,0.543,"30","Citrus × aurantium L. var. tachibana Makino (= C. × deliciosa Ten. = Citrus reticulata × (C. maxima × C. reticulata))","Mandarino",0,1,1,0
"c1",6,0.554,0.121,0.093,8.601,2.732,4.775,0.318,0.044,0.218,0.064,0.769,0.572,"30","Citrus × aurantium L. var. tachibana Makino (= C. × deliciosa Ten. = Citrus reticulata × (C. maxima × C. reticulata))","Mandarino",0,1,1,0
"c1",4,0.903,0.169,0.117,10.041,3.403,5.664,0.339,0.05,0.187,0.09,0.692,0.601,"30","Citrus × aurantium L. var. tachibana Makino (= C. × deliciosa Ten. = Citrus reticulata × (C. maxima × C. reticulata))","Mandarino",0,1,1,0
"c2",1,1.075,0.192,0.128,10.348,3.65,6.416,0.353,0.053,0.179,0.104,0.667,0.569,"119","Citrus × aurantium L. var. tachibana Makino (= C. × deliciosa Ten. = Citrus reticulata × (C. maxima × C. reticulata)) ","C. clementina ""Ragheb""",0,1,1,0
"c2",3,0.874,0.149,0.088,5.418,2.351,3.415,0.434,0.063,0.17,0.161,0.591,0.688,"119","Citrus × aurantium L. var. tachibana Makino (= C. × deliciosa Ten. = Citrus reticulata × (C. maxima × C. reticulata)) ","C. clementina ""Ragheb""",0,1,1,0
"c2",4,1.139,0.189,0.122,9.399,3.691,5.715,0.393,0.051,0.166,0.121,0.646,0.646,"119","Citrus × aurantium L. var. tachibana Makino (= C. × deliciosa Ten. = Citrus reticulata × (C. maxima × C. reticulata)) ","C. clementina ""Ragheb""",0,1,1,0
"c3",1,0.736,0.16,0.13,5.726,3.559,2.621,0.622,0.045,0.217,0.129,0.813,1.358,"40","Citrus × depressa Hayata (= Citrus reticulata × ( C. maxima x (C. medica × C. cavaleriei)))","Shekwasa",1,1,1,0
"c3",2,0.841,0.17,0.119,8.931,4.436,5.015,0.497,0.038,0.202,0.094,0.7,0.885,"40","Citrus × depressa Hayata (= Citrus reticulata × ( C. maxima x (C. medica × C. cavaleriei)))","Shekwasa",1,1,1,0
"c3",6,0.76,0.168,0.122,8.185,3.869,4.439,0.473,0.043,0.221,0.093,0.726,0.872,"40","Citrus × depressa Hayata (= Citrus reticulata × ( C. maxima x (C. medica × C. cavaleriei)))","Shekwasa",1,1,1,0
"c4",6,0.902,0.163,0.115,7.502,4.22,4.324,0.563,0.039,0.181,0.12,0.706,0.976,"44","Citrus × aurantium L. var. tachibana Makino (= C. × deliciosa Ten. = Citrus reticulata × (C. maxima × C. reticulata))","Clemenules",0,1,1,0
"c4",3,0.946,0.191,0.154,8.89,4.725,4.717,0.531,0.04,0.202,0.106,0.806,1.002,"44","Citrus × aurantium L. var. tachibana Makino (= C. × deliciosa Ten. = Citrus reticulata × (C. maxima × C. reticulata))","Clemenules",0,1,1,0
"c4",2,0.59,0.13,0.089,5.534,2.644,2.797,0.478,0.049,0.22,0.107,0.685,0.945,"44","Citrus × aurantium L. var. tachibana Makino (= C. × deliciosa Ten. = Citrus reticulata × (C. maxima × C. reticulata))","Clemenules",0,1,1,0
"d1",2,0.665,0.132,0.11,7.81,3.104,4.377,0.397,0.043,0.198,0.085,0.833,0.709,"30","Citrus × aurantium L. var. tachibana Makino (= C. × deliciosa Ten. = Citrus reticulata × (C. maxima × C. reticulata))","Mandarino",0,1,1,0
"d1",3,0.721,0.129,0.102,8.026,2.938,4.274,0.366,0.044,0.179,0.09,0.791,0.687,"30","Citrus × aurantium L. var. tachibana Makino (= C. × deliciosa Ten. = Citrus reticulata × (C. maxima × C. reticulata))","Mandarino",0,1,1,0
"d1",5,0.637,0.119,0.089,7.227,2.747,4.158,0.38,0.043,0.187,0.088,0.748,0.661,"30","Citrus × aurantium L. var. tachibana Makino (= C. × deliciosa Ten. = Citrus reticulata × (C. maxima × C. reticulata))","Mandarino",0,1,1,0
"d2",1,0.626,0.144,0.123,8.505,3.154,4.365,0.371,0.046,0.23,0.074,0.854,0.723,"31","Citrus × aurantium L. var. tachibana Makino (= C. × deliciosa Ten. = Citrus reticulata × (C. maxima × C. reticulata))","Clementino",0,1,1,0
"d2",3,0.636,0.127,0.09,7.81,2.751,4.107,0.352,0.046,0.2,0.081,0.709,0.67,"31","Citrus × aurantium L. var. tachibana Makino (= C. × deliciosa Ten. = Citrus reticulata × (C. maxima × C. reticulata))","Clementino",0,1,1,0
"d2",5,0.983,0.172,0.127,8.701,3.26,4.953,0.375,0.053,0.175,0.113,0.738,0.658,"31","Citrus × aurantium L. var. tachibana Makino (= C. × deliciosa Ten. = Citrus reticulata × (C. maxima × C. reticulata))","Clementino",0,1,1,0
"d4",4,0.94,0.166,0.106,9.08,3.457,4.533,0.381,0.048,0.177,0.104,0.639,0.763,"44","Citrus × aurantium L. var. tachibana Makino (= C. × deliciosa Ten. = Citrus reticulata × (C. maxima × C. reticulata))","Clemenules",0,1,1,0
"d4",5,1.155,0.194,0.114,8.393,3.897,4.982,0.464,0.05,0.168,0.138,0.588,0.782,"44","Citrus × aurantium L. var. tachibana Makino (= C. × deliciosa Ten. = Citrus reticulata × (C. maxima × C. reticulata))","Clemenules",0,1,1,0
"d4",3,0.951,0.19,0.134,8.533,3.182,4.879,0.373,0.06,0.2,0.111,0.705,0.652,"44","Citrus × aurantium L. var. tachibana Makino (= C. × deliciosa Ten. = Citrus reticulata × (C. maxima × C. reticulata))","Clemenules",0,1,1,0
"e1",1,0.624,0.144,0.117,9.406,3.014,5.744,0.32,0.048,0.231,0.066,0.813,0.525,"30","Citrus × aurantium L. var. tachibana Makino (= C. × deliciosa Ten. = Citrus reticulata × (C. maxima × C. reticulata))","Mandarino",0,1,1,0
"e1",2,0.77,0.184,0.103,9.186,3.211,5.852,0.35,0.057,0.239,0.084,0.56,0.549,"30","Citrus × aurantium L. var. tachibana Makino (= C. × deliciosa Ten. = Citrus reticulata × (C. maxima × C. reticulata))","Mandarino",0,1,1,0
"e1",6,0.658,0.147,0.127,9.491,3.961,5.505,0.417,0.037,0.223,0.069,0.864,0.72,"30","Citrus × aurantium L. var. tachibana Makino (= C. × deliciosa Ten. = Citrus reticulata × (C. maxima × C. reticulata))","Mandarino",0,1,1,0
"e2",1,0.814,0.123,0.086,6.515,2.726,3.518,0.418,0.045,0.151,0.125,0.699,0.775,"32","Citrus × aurantium L. var. tachibana Makino (= C. × deliciosa Ten. = Citrus reticulata × (C. maxima × C. reticulata))","Tardivo",0,1,1,0
"e2",2,0.764,0.116,0.098,7.799,2.529,4.569,0.324,0.046,0.152,0.098,0.845,0.554,"32","Citrus × aurantium L. var. tachibana Makino (= C. × deliciosa Ten. = Citrus reticulata × (C. maxima × C. reticulata))","Tardivo",0,1,1,0
"e2",5,0.628,0.115,0.092,6.735,2.51,3.827,0.373,0.046,0.183,0.093,0.8,0.656,"32","Citrus × aurantium L. var. tachibana Makino (= C. × deliciosa Ten. = Citrus reticulata × (C. maxima × C. reticulata))","Tardivo",0,1,1,0
"e3",6,0.799,0.168,0.101,8.42,2.852,4.916,0.339,0.059,0.21,0.095,0.601,0.58,"67","Citrus australasica F. Muell. var. sanguinea F. M. Bailey (= Microcitrus australasica (F. Muell.) Swingle)","Virgata",0,0,0,0
"e3",4,0.683,0.119,0.086,10.777,3.448,6.343,0.32,0.035,0.174,0.063,0.723,0.544,"67","Citrus australasica F. Muell. var. sanguinea F. M. Bailey (= Microcitrus australasica (F. Muell.) Swingle)","Virgata",0,0,0,0
"e3",5,0.607,0.109,0.085,7.855,2.225,5.063,0.283,0.049,0.18,0.077,0.78,0.439,"67","Citrus australasica F. Muell. var. sanguinea F. M. Bailey (= Microcitrus australasica (F. Muell.) Swingle)","Virgata",0,0,0,0
"e4",1,0.699,0.114,0.086,7.469,2.291,4.265,0.307,0.05,0.163,0.094,0.754,0.537,"43","Citrus × aurantium L. var. tachibana Makino (= C. × deliciosa Ten. = Citrus reticulata × (C. maxima × C. reticulata))","Hernandina",0,1,1,0
"e4",3,1.016,0.154,0.1,9.1,3.296,5.006,0.362,0.047,0.152,0.112,0.649,0.658,"43","Citrus × aurantium L. var. tachibana Makino (= C. × deliciosa Ten. = Citrus reticulata × (C. maxima × C. reticulata))","Hernandina",0,1,1,0
"e4",4,0.633,0.118,0.101,8.873,2.855,4.642,0.322,0.041,0.186,0.071,0.856,0.615,"43","Citrus × aurantium L. var. tachibana Makino (= C. × deliciosa Ten. = Citrus reticulata × (C. maxima × C. reticulata))","Hernandina",0,1,1,0
"e5",1,0.978,0.168,0.103,7.387,2.941,4.307,0.398,0.057,0.172,0.132,0.613,0.683,"44","Citrus × aurantium L. var. tachibana Makino (= C. × deliciosa Ten. = Citrus reticulata × (C. maxima × C. reticulata))","Clemenules",0,1,1,0
"e5",2,0.58,0.126,0.101,7.868,2.966,4.434,0.377,0.042,0.217,0.074,0.802,0.669,"44","Citrus × aurantium L. var. tachibana Makino (= C. × deliciosa Ten. = Citrus reticulata × (C. maxima × C. reticulata))","Clemenules",0,1,1,0
"e5",3,0.865,0.142,0.098,7.735,2.694,4.046,0.348,0.053,0.164,0.112,0.69,0.666,"44","Citrus × aurantium L. var. tachibana Makino (= C. × deliciosa Ten. = Citrus reticulata × (C. maxima × C. reticulata))","Clemenules",0,1,1,0
"f1",2,0.804,0.116,0.079,6.654,2.57,3.496,0.386,0.045,0.144,0.121,0.681,0.735,"30","Citrus × aurantium L. var. tachibana Makino (= C. × deliciosa Ten. = Citrus reticulata × (C. maxima × C. reticulata))","Mandarino",0,1,1,0
"f1",3,0.636,0.137,0.1,7.076,2.413,4.461,0.341,0.057,0.215,0.09,0.73,0.541,"30","Citrus × aurantium L. var. tachibana Makino (= C. × deliciosa Ten. = Citrus reticulata × (C. maxima × C. reticulata))","Mandarino",0,1,1,0
"f1",5,0.623,0.111,0.081,5.528,2.006,3.327,0.363,0.055,0.178,0.113,0.73,0.603,"30","Citrus × aurantium L. var. tachibana Makino (= C. × deliciosa Ten. = Citrus reticulata × (C. maxima × C. reticulata))","Mandarino",0,1,1,0
"f2",1,0.708,0.165,0.115,8.334,3.369,5.081,0.404,0.049,0.233,0.085,0.697,0.663,"51","Citrus × aurantium L. var. tachibana Makino (= C. × deliciosa Ten. = Citrus reticulata × (C. maxima × C. reticulata))","Avana Apireno ",0,1,1,0
"f2",3,0.57,0.121,0.084,4.711,1.713,2.621,0.364,0.071,0.212,0.121,0.694,0.654,"51","Citrus × aurantium L. var. tachibana Makino (= C. × deliciosa Ten. = Citrus reticulata × (C. maxima × C. reticulata))","Avana Apireno ",0,1,1,0
"f2",5,0.761,0.124,0.072,5.943,1.947,2.811,0.328,0.064,0.163,0.128,0.581,0.693,"51","Citrus × aurantium L. var. tachibana Makino (= C. × deliciosa Ten. = Citrus reticulata × (C. maxima × C. reticulata))","Avana Apireno ",0,1,1,0
"f3",2,0.76,0.126,0.084,5.19,1.831,2.834,0.353,0.069,0.166,0.146,0.667,0.646,"51","Citrus × aurantium L. var. tachibana Makino (= C. × deliciosa Ten. = Citrus reticulata × (C. maxima × C. reticulata))","Avana Apireno ",0,1,1,0
"f3",3,0.457,0.091,0.065,4.457,1.67,1.915,0.375,0.054,0.199,0.103,0.714,0.872,"51","Citrus × aurantium L. var. tachibana Makino (= C. × deliciosa Ten. = Citrus reticulata × (C. maxima × C. reticulata))","Avana Apireno ",0,1,1,0
"f3",4,0.632,0.103,0.063,4.36,1.602,2.259,0.367,0.064,0.163,0.145,0.612,0.709,"51","Citrus × aurantium L. var. tachibana Makino (= C. × deliciosa Ten. = Citrus reticulata × (C. maxima × C. reticulata))","Avana Apireno ",0,1,1,0
"f4",1,1.04,0.155,0.114,8.049,3.388,4.59,0.421,0.046,0.149,0.129,0.735,0.738,"51","Citrus × aurantium L. var. tachibana Makino (= C. × deliciosa Ten. = Citrus reticulata × (C. maxima × C. reticulata))","Avana Apireno ",0,1,1,0
"f4",2,0.628,0.128,0.087,5.68,1.932,3.086,0.34,0.066,0.204,0.111,0.68,0.626,"51","Citrus × aurantium L. var. tachibana Makino (= C. × deliciosa Ten. = Citrus reticulata × (C. maxima × C. reticulata))","Avana Apireno ",0,1,1,0
"f4",4,0.77,0.156,0.102,6.813,2.842,3.727,0.417,0.055,0.203,0.113,0.654,0.763,"51","Citrus × aurantium L. var. tachibana Makino (= C. × deliciosa Ten. = Citrus reticulata × (C. maxima × C. reticulata))","Avana Apireno ",0,1,1,0
"f5",1,0.906,0.188,0.127,9.935,3.432,5.978,0.345,0.055,0.208,0.091,0.676,0.574,"30","Citrus × aurantium L. var. tachibana Makino (= C. × deliciosa Ten. = Citrus reticulata × (C. maxima × C. reticulata))","Mandarino",0,1,1,0
"f5",3,0.936,0.154,0.127,8.305,2.808,4.657,0.338,0.055,0.165,0.113,0.825,0.603,"30","Citrus × aurantium L. var. tachibana Makino (= C. × deliciosa Ten. = Citrus reticulata × (C. maxima × C. reticulata))","Mandarino",0,1,1,0
"f5",4,1.131,0.193,0.165,12.062,4.509,6.798,0.374,0.043,0.171,0.094,0.855,0.663,"30","Citrus × aurantium L. var. tachibana Makino (= C. × deliciosa Ten. = Citrus reticulata × (C. maxima × C. reticulata))","Mandarino",0,1,1,0
"g1",2,0.654,0.116,0.077,6.657,2.285,3.796,0.343,0.051,0.177,0.098,0.664,0.602,"30","Citrus × aurantium L. var. tachibana Makino (= C. × deliciosa Ten. = Citrus reticulata × (C. maxima × C. reticulata))","Mandarino",0,1,1,0
"g1",3,1.025,0.231,0.134,11.011,4.407,6.005,0.4,0.052,0.225,0.093,0.58,0.734,"30","Citrus × aurantium L. var. tachibana Makino (= C. × deliciosa Ten. = Citrus reticulata × (C. maxima × C. reticulata))","Mandarino",0,1,1,0
"g1",5,0.849,0.171,0.128,13.023,5.016,6.765,0.385,0.034,0.201,0.065,0.749,0.741,"30","Citrus × aurantium L. var. tachibana Makino (= C. × deliciosa Ten. = Citrus reticulata × (C. maxima × C. reticulata))","Mandarino",0,1,1,0
"g2",2,0.485,0.095,0.069,5.182,2.04,2.687,0.394,0.047,0.196,0.094,0.726,0.759,"32","Citrus × aurantium L. var. tachibana Makino (= C. × deliciosa Ten. = Citrus reticulata × (C. maxima × C. reticulata))","Tardivo",0,1,1,0
"g2",3,0.512,0.094,0.086,6.935,2.966,3.106,0.428,0.032,0.184,0.074,0.915,0.955,"32","Citrus × aurantium L. var. tachibana Makino (= C. × deliciosa Ten. = Citrus reticulata × (C. maxima × C. reticulata))","Tardivo",0,1,1,0
"g2",4,0.49,0.088,0.078,4.775,2.027,2.18,0.425,0.043,0.18,0.103,0.886,0.93,"32","Citrus × aurantium L. var. tachibana Makino (= C. × deliciosa Ten. = Citrus reticulata × (C. maxima × C. reticulata))","Tardivo",0,1,1,0
"g3",2,0.437,0.09,0.05,3.477,1.19,1.851,0.342,0.076,0.206,0.126,0.556,0.643,"51","Citrus × aurantium L. var. tachibana Makino (= C. × deliciosa Ten. = Citrus reticulata × (C. maxima × C. reticulata))","Avana Apireno ",0,1,1,0
"g3",6,0.598,0.1,0.062,4.702,1.738,2.439,0.37,0.058,0.167,0.127,0.62,0.713,"51","Citrus × aurantium L. var. tachibana Makino (= C. × deliciosa Ten. = Citrus reticulata × (C. maxima × C. reticulata))","Avana Apireno ",0,1,1,0
"g3",4,0.737,0.129,0.085,6.41,2.146,3.65,0.335,0.06,0.175,0.115,0.659,0.588,"51","Citrus × aurantium L. var. tachibana Makino (= C. × deliciosa Ten. = Citrus reticulata × (C. maxima × C. reticulata))","Avana Apireno ",0,1,1,0
"g4",3,0.493,0.12,0.103,6.009,2.139,3.682,0.356,0.056,0.243,0.082,0.858,0.581,"51","Citrus × aurantium L. var. tachibana Makino (= C. × deliciosa Ten. = Citrus reticulata × (C. maxima × C. reticulata))","Avana Apireno ",0,1,1,0
"g4",4,0.458,0.113,0.099,5.914,2.171,3.699,0.367,0.052,0.247,0.077,0.876,0.587,"51","Citrus × aurantium L. var. tachibana Makino (= C. × deliciosa Ten. = Citrus reticulata × (C. maxima × C. reticulata))","Avana Apireno ",0,1,1,0
"g4",5,0.828,0.139,0.082,7.214,3.332,3.737,0.462,0.042,0.168,0.115,0.59,0.892,"51","Citrus × aurantium L. var. tachibana Makino (= C. × deliciosa Ten. = Citrus reticulata × (C. maxima × C. reticulata))","Avana Apireno ",0,1,1,0
"g5",2,0.486,0.098,0.062,4.796,1.911,2.587,0.398,0.051,0.202,0.101,0.633,0.739,"30","Citrus × aurantium L. var. tachibana Makino (= C. × deliciosa Ten. = Citrus reticulata × (C. maxima × C. reticulata))","Mandarino",0,1,1,0
"g5",3,0.613,0.115,0.073,5.283,1.983,2.583,0.375,0.058,0.188,0.116,0.635,0.768,"30","Citrus × aurantium L. var. tachibana Makino (= C. × deliciosa Ten. = Citrus reticulata × (C. maxima × C. reticulata))","Mandarino",0,1,1,0
"g5",8,0.57,0.101,0.065,5.86,2.16,3.072,0.369,0.047,0.177,0.097,0.644,0.703,"30","Citrus × aurantium L. var. tachibana Makino (= C. × deliciosa Ten. = Citrus reticulata × (C. maxima × C. reticulata))","Mandarino",0,1,1,0
"h1",2,0.778,0.121,0.071,6.542,1.773,3.322,0.271,0.068,0.156,0.119,0.587,0.534,"39","Citrus × aurantium L. var. tachibana Makino (= C. × deliciosa Ten. = Citrus reticulata × (C. maxima × C. reticulata))","Tardivo di Ciaculli",0,1,1,0
"h1",6,0.581,0.121,0.096,8.589,2.367,4.148,0.276,0.051,0.208,0.068,0.793,0.571,"39","Citrus × aurantium L. var. tachibana Makino (= C. × deliciosa Ten. = Citrus reticulata × (C. maxima × C. reticulata))","Tardivo di Ciaculli",0,1,1,0
"h1",4,0.664,0.124,0.08,6.175,1.91,2.168,0.309,0.065,0.187,0.108,0.645,0.881,"39","Citrus × aurantium L. var. tachibana Makino (= C. × deliciosa Ten. = Citrus reticulata × (C. maxima × C. reticulata))","Tardivo di Ciaculli",0,1,1,0
"h2",2,0.65,0.133,0.085,6.575,2.117,3.188,0.322,0.063,0.205,0.099,0.639,0.664,"45","Citrus × aurantium L. var. tachibana Makino (= C. × deliciosa Ten. = Citrus reticulata × (C. maxima × C. reticulata))","Orogrande",0,1,1,0
"h2",4,0.757,0.132,0.088,8.046,2.069,4.258,0.257,0.064,0.174,0.094,0.667,0.486,"45","Citrus × aurantium L. var. tachibana Makino (= C. × deliciosa Ten. = Citrus reticulata × (C. maxima × C. reticulata))","Orogrande",0,1,1,0
"h2",6,0.617,0.102,0.071,5.77,1.92,2.621,0.333,0.053,0.165,0.107,0.696,0.733,"45","Citrus × aurantium L. var. tachibana Makino (= C. × deliciosa Ten. = Citrus reticulata × (C. maxima × C. reticulata))","Orogrande",0,1,1,0
"h3",1,0.591,0.13,0.096,7.384,3.039,4.024,0.412,0.043,0.22,0.08,0.738,0.755,"51","Citrus × aurantium L. var. tachibana Makino (= C. × deliciosa Ten. = Citrus reticulata × (C. maxima × C. reticulata))","Avana Apireno ",0,1,1,0
"h3",3,0.924,0.142,0.113,9.662,3.682,5.804,0.381,0.039,0.154,0.096,0.796,0.634,"51","Citrus × aurantium L. var. tachibana Makino (= C. × deliciosa Ten. = Citrus reticulata × (C. maxima × C. reticulata))","Avana Apireno ",0,1,1,0
"h3",4,0.88,0.145,0.1,6.449,2.432,3.818,0.377,0.06,0.165,0.136,0.69,0.637,"51","Citrus × aurantium L. var. tachibana Makino (= C. × deliciosa Ten. = Citrus reticulata × (C. maxima × C. reticulata))","Avana Apireno ",0,1,1,0
"h4",1,0.783,0.124,0.091,8.702,2.623,4.76,0.301,0.047,0.158,0.09,0.734,0.551,"39","Citrus × aurantium L. var. tachibana Makino (= C. × deliciosa Ten. = Citrus reticulata × (C. maxima × C. reticulata))","Tardivo di Ciaculli",0,1,1,0
"h4",2,0.605,0.09,0.064,5.286,1.841,3.011,0.348,0.049,0.149,0.114,0.711,0.611,"39","Citrus × aurantium L. var. tachibana Makino (= C. × deliciosa Ten. = Citrus reticulata × (C. maxima × C. reticulata))","Tardivo di Ciaculli",0,1,1,0
"h4",3,0.676,0.087,0.041,4.024,1.26,1.654,0.313,0.069,0.129,0.168,0.471,0.762,"39","Citrus × aurantium L. var. tachibana Makino (= C. × deliciosa Ten. = Citrus reticulata × (C. maxima × C. reticulata))","Tardivo di Ciaculli",0,1,1,0
"h5",2,0.681,0.121,0.101,8.245,2.95,5.027,0.358,0.041,0.178,0.083,0.835,0.587,"31","Citrus × aurantium L. var. tachibana Makino (= C. × deliciosa Ten. = Citrus reticulata × (C. maxima × C. reticulata))","Clementino",0,1,1,0
"h5",3,0.883,0.149,0.122,9.294,3.219,5.255,0.346,0.046,0.169,0.095,0.819,0.613,"31","Citrus × aurantium L. var. tachibana Makino (= C. × deliciosa Ten. = Citrus reticulata × (C. maxima × C. reticulata))","Clementino",0,1,1,0
"h5",5,0.851,0.151,0.124,8.68,3.119,4.42,0.359,0.048,0.177,0.098,0.821,0.706,"31","Citrus × aurantium L. var. tachibana Makino (= C. × deliciosa Ten. = Citrus reticulata × (C. maxima × C. reticulata))","Clementino",0,1,1,0
"i3",4,1.133,0.244,0.08,6.226,3.617,3.074,0.581,0.067,0.215,0.182,0.328,1.177,"23","Citrus × aurantium L. var. sinensis L. (=Citrus sinensis (L.) Osbeck, = Citrus maxima × C. reticulata)","Ovale",0,1,1,0
"i3",7,1.051,0.316,0.102,6.153,3.884,2.692,0.631,0.081,0.301,0.171,0.323,1.443,"23","Citrus × aurantium L. var. sinensis L. (=Citrus sinensis (L.) Osbeck, = Citrus maxima × C. reticulata)","Ovale",0,1,1,0
"i3",6,1.008,0.17,0.077,6.112,3.383,3.073,0.554,0.05,0.169,0.165,0.453,1.101,"23","Citrus × aurantium L. var. sinensis L. (=Citrus sinensis (L.) Osbeck, = Citrus maxima × C. reticulata)","Ovale",0,1,1,0
"i4",1,2.035,0.387,0.109,7.729,4.729,3.779,0.612,0.082,0.19,0.263,0.282,1.251,"26","Citrus × aurantium L. var. sinensis L. (=Citrus sinensis (L.) Osbeck, = Citrus maxima × C. reticulata)","Newhall",0,1,1,0
"i4",2,1.404,0.272,0.116,6.765,2.982,3.274,0.441,0.091,0.194,0.208,0.426,0.911,"26","Citrus × aurantium L. var. sinensis L. (=Citrus sinensis (L.) Osbeck, = Citrus maxima × C. reticulata)","Newhall",0,1,1,0
"i4",3,0.567,0.126,0.097,4.945,2.511,2.583,0.508,0.05,0.222,0.115,0.77,0.972,"26","Citrus × aurantium L. var. sinensis L. (=Citrus sinensis (L.) Osbeck, = Citrus maxima × C. reticulata)","Newhall",0,1,1,0
"i5",1,1.174,0.343,0.133,7.072,3.972,2.975,0.562,0.086,0.292,0.166,0.386,1.335,"29","Citrus × aurantium L. var. paradisi (=Citrus × paradisi Macfad. = Citrus maxima × C. reticulata)","Star Ruby",0,1,1,0
"i5",2,1.558,0.284,0.088,6.865,3.014,3.193,0.439,0.094,0.182,0.227,0.309,0.944,"29","Citrus × aurantium L. var. paradisi (=Citrus × paradisi Macfad. = Citrus maxima × C. reticulata)","Star Ruby",0,1,1,0
"i5",6,2.059,0.966,0.152,9.493,3.966,5.631,0.418,0.244,0.469,0.217,0.157,0.704,"29","Citrus × aurantium L. var. paradisi (=Citrus × paradisi Macfad. = Citrus maxima × C. reticulata)","Star Ruby",0,1,1,0
"j1",2,1.197,0.179,0.119,8.74,4.861,4.265,0.556,0.037,0.15,0.137,0.665,1.14,"18","Citrus × aurantium L. var. sinensis L. (=Citrus sinensis (L.) Osbeck, = Citrus maxima × C. reticulata)","Tarocco",0,1,1,0
"j1",4,1.732,0.276,0.157,11.825,6.884,6.126,0.582,0.04,0.159,0.146,0.569,1.124,"18","Citrus × aurantium L. var. sinensis L. (=Citrus sinensis (L.) Osbeck, = Citrus maxima × C. reticulata)","Tarocco",0,1,1,0
"j1",5,1.535,0.203,0.131,10.437,5.654,5.404,0.542,0.036,0.132,0.147,0.645,1.046,"18","Citrus × aurantium L. var. sinensis L. (=Citrus sinensis (L.) Osbeck, = Citrus maxima × C. reticulata)","Tarocco",0,1,1,0
"j2",1,0.792,0.157,0.117,7.571,3.558,4.188,0.47,0.044,0.198,0.105,0.745,0.85,"23","Citrus × aurantium L. var. sinensis L. (=Citrus sinensis (L.) Osbeck, = Citrus maxima × C. reticulata)","Ovale",0,1,1,0
"j2",2,2.414,0.308,0.184,12.857,9.585,6.587,0.746,0.032,0.128,0.188,0.597,1.455,"23","Citrus × aurantium L. var. sinensis L. (=Citrus sinensis (L.) Osbeck, = Citrus maxima × C. reticulata)","Ovale",0,1,1,0
"j2",6,1.069,0.253,0.085,5.543,2.851,2.915,0.514,0.089,0.237,0.193,0.336,0.978,"23","Citrus × aurantium L. var. sinensis L. (=Citrus sinensis (L.) Osbeck, = Citrus maxima × C. reticulata)","Ovale",0,1,1,0
"j3",1,0.773,0.178,0.094,5.698,2.46,3.367,0.432,0.072,0.23,0.136,0.528,0.731,"20","Citrus × aurantium L. var. sinensis L. (=Citrus sinensis (L.) Osbeck, = Citrus maxima × C. reticulata)","Washington Navel",0,1,1,0
"j3",4,0.829,0.184,0.087,5.061,2.295,2.91,0.453,0.08,0.222,0.164,0.473,0.789,"20","Citrus × aurantium L. var. sinensis L. (=Citrus sinensis (L.) Osbeck, = Citrus maxima × C. reticulata)","Washington Navel",0,1,1,0
"j3",3,1.029,0.206,0.1,6.381,3.188,3.596,0.5,0.065,0.2,0.161,0.485,0.887,"20","Citrus × aurantium L. var. sinensis L. (=Citrus sinensis (L.) Osbeck, = Citrus maxima × C. reticulata)","Washington Navel",0,1,1,0
"j4",2,0.92,0.167,0.099,5.719,2.622,3.048,0.458,0.064,0.182,0.161,0.593,0.86,"26","Citrus × aurantium L. var. sinensis L. (=Citrus sinensis (L.) Osbeck, = Citrus maxima × C. reticulata)","Newhall",0,1,1,0
"j4",4,0.919,0.173,0.079,5.216,1.909,2.818,0.366,0.091,0.188,0.176,0.457,0.677,"26","Citrus × aurantium L. var. sinensis L. (=Citrus sinensis (L.) Osbeck, = Citrus maxima × C. reticulata)","Newhall",0,1,1,0
"j4",7,0.897,0.195,0.088,5.926,2.413,3.565,0.407,0.081,0.217,0.151,0.451,0.677,"26","Citrus × aurantium L. var. sinensis L. (=Citrus sinensis (L.) Osbeck, = Citrus maxima × C. reticulata)","Newhall",0,1,1,0
"j5",1,0.998,0.181,0.118,5.628,2.811,2.536,0.499,0.064,0.181,0.177,0.652,1.108,"52","Citrus × aurantium L. var. tachibana Makino (= C. × deliciosa Ten. = Citrus reticulata × (C. maxima × C. reticulata)) ","Esbal",0,1,1,0
"j5",2,0.927,0.171,0.111,7.294,3.162,3.485,0.434,0.054,0.184,0.127,0.649,0.907,"52","Citrus × aurantium L. var. tachibana Makino (= C. × deliciosa Ten. = Citrus reticulata × (C. maxima × C. reticulata)) ","Esbal",0,1,1,0
"j5",5,1.017,0.145,0.102,5.9,2.811,2.856,0.476,0.052,0.143,0.172,0.703,0.984,"52","Citrus × aurantium L. var. tachibana Makino (= C. × deliciosa Ten. = Citrus reticulata × (C. maxima × C. reticulata)) ","Esbal",0,1,1,0
"j6",2,0.95,0.189,0.138,8.054,4.121,3.55,0.512,0.046,0.199,0.118,0.73,1.161,"52a","Citrus × aurantium L. var. sinensis L. (=Citrus sinensis (L.) Osbeck, = Citrus maxima × C. reticulata)","Oblonga",0,1,1,0
"j6",3,1.388,0.306,0.164,9.2,4.027,4.443,0.438,0.076,0.22,0.151,0.536,0.906,"52a","Citrus × aurantium L. var. sinensis L. (=Citrus sinensis (L.) Osbeck, = Citrus maxima × C. reticulata)","Oblonga",0,1,1,0
"j6",4,1.293,0.278,0.162,9.856,4.326,5.767,0.439,0.064,0.215,0.131,0.583,0.75,"52a","Citrus × aurantium L. var. sinensis L. (=Citrus sinensis (L.) Osbeck, = Citrus maxima × C. reticulata)","Oblonga",0,1,1,0
"k2",1,1.002,0.256,0.129,8.146,4.215,4.845,0.517,0.061,0.255,0.123,0.504,0.87,"20","Citrus × aurantium L. var. sinensis L. (=Citrus sinensis (L.) Osbeck, = Citrus maxima × C. reticulata)","Washington Navel",0,1,1,0
"k2",3,0.74,0.181,0.12,6.302,3.112,3.476,0.494,0.058,0.245,0.117,0.663,0.895,"20","Citrus × aurantium L. var. sinensis L. (=Citrus sinensis (L.) Osbeck, = Citrus maxima × C. reticulata)","Washington Navel",0,1,1,0
"k2",4,1.36,0.266,0.127,9.121,4.938,5.41,0.541,0.054,0.196,0.149,0.477,0.913,"20","Citrus × aurantium L. var. sinensis L. (=Citrus sinensis (L.) Osbeck, = Citrus maxima × C. reticulata)","Washington Navel",0,1,1,0
"k3",1,1.113,0.287,0.119,6.386,2.731,3.44,0.428,0.105,0.258,0.174,0.415,0.794,"48","Citrus × aurantium L. var. sinensis L. (=Citrus sinensis (L.) Osbeck, = Citrus maxima × C. reticulata)","Vaniglia apireno di Ribera",0,1,1,0
"k3",2,1.04,0.205,0.12,6.351,2.941,3.396,0.463,0.07,0.197,0.164,0.585,0.866,"48","Citrus × aurantium L. var. sinensis L. (=Citrus sinensis (L.) Osbeck, = Citrus maxima × C. reticulata)","Vaniglia apireno di Ribera",0,1,1,0
"k3",5,1.494,0.334,0.14,9.824,3.916,5.138,0.399,0.085,0.224,0.152,0.419,0.762,"48","Citrus × aurantium L. var. sinensis L. (=Citrus sinensis (L.) Osbeck, = Citrus maxima × C. reticulata)","Vaniglia apireno di Ribera",0,1,1,0
"k4",1,1.955,0.786,0.195,11.851,6.483,6.163,0.547,0.121,0.402,0.165,0.248,1.052,"48","Citrus × aurantium L. var. sinensis L. (=Citrus sinensis (L.) Osbeck, = Citrus maxima × C. reticulata)","Vaniglia apireno di Ribera",0,1,1,0
"k4",2,1.054,0.376,0.105,5.357,2.715,2.644,0.507,0.138,0.357,0.197,0.279,1.027,"48","Citrus × aurantium L. var. sinensis L. (=Citrus sinensis (L.) Osbeck, = Citrus maxima × C. reticulata)","Vaniglia apireno di Ribera",0,1,1,0
"k4",5,1.401,0.337,0.129,9.277,4.264,4.647,0.46,0.079,0.241,0.151,0.383,0.918,"48","Citrus × aurantium L. var. sinensis L. (=Citrus sinensis (L.) Osbeck, = Citrus maxima × C. reticulata)","Vaniglia apireno di Ribera",0,1,1,0
"k5",1,1.222,0.177,0.128,8.267,4.854,4.862,0.587,0.036,0.145,0.148,0.723,0.998,"53","Citrus australasica F. Muell. var. sanguinea F. M. Bailey (= Microcitrus australasica (F. Muell.) Swingle)","Marisol",0,0,0,0
"k5",6,0.987,0.188,0.07,4.961,2.017,2.691,0.407,0.093,0.19,0.199,0.372,0.75,"53","Citrus australasica F. Muell. var. sanguinea F. M. Bailey (= Microcitrus australasica (F. Muell.) Swingle)","Marisol",0,0,0,0
"k5",3,2.038,0.153,0.149,11.039,7.231,5.335,0.655,0.021,0.075,0.185,0.974,1.355,"53","Citrus australasica F. Muell. var. sanguinea F. M. Bailey (= Microcitrus australasica (F. Muell.) Swingle)","Marisol",0,0,0,0
"k6",1,1.008,0.137,0.068,4.927,1.955,2.688,0.397,0.07,0.136,0.205,0.496,0.727,"52a","Citrus × aurantium L. var. sinensis L. (=Citrus sinensis (L.) Osbeck, = Citrus maxima × C. reticulata)","Oblonga",0,1,1,0
"k6",4,1.317,0.184,0.11,9.892,3.744,5.928,0.378,0.049,0.14,0.133,0.598,0.632,"52a","Citrus × aurantium L. var. sinensis L. (=Citrus sinensis (L.) Osbeck, = Citrus maxima × C. reticulata)","Oblonga",0,1,1,0
"k6",3,1.072,0.182,0.096,9.322,3.59,5.348,0.385,0.051,0.17,0.115,0.527,0.671,"52a","Citrus × aurantium L. var. sinensis L. (=Citrus sinensis (L.) Osbeck, = Citrus maxima × C. reticulata)","Oblonga",0,1,1,0
"l1",1,1.173,0.198,0.155,9.856,3.811,5.642,0.387,0.052,0.169,0.119,0.783,0.675,"18","Citrus × aurantium L. var. sinensis L. (=Citrus sinensis (L.) Osbeck, = Citrus maxima × C. reticulata)","Tarocco",0,1,1,0
"l1",5,0.927,0.152,0.113,8.022,3.25,3.597,0.405,0.047,0.164,0.116,0.743,0.904,"18","Citrus × aurantium L. var. sinensis L. (=Citrus sinensis (L.) Osbeck, = Citrus maxima × C. reticulata)","Tarocco",0,1,1,0
"l1",7,1.41,0.334,0.155,10.492,5.128,5.413,0.489,0.065,0.237,0.134,0.464,0.947,"18","Citrus × aurantium L. var. sinensis L. (=Citrus sinensis (L.) Osbeck, = Citrus maxima × C. reticulata)","Tarocco",0,1,1,0
"l2",3,1.325,0.203,0.112,7.522,3.363,4.657,0.447,0.06,0.153,0.176,0.552,0.722,"20","Citrus × aurantium L. var. sinensis L. (=Citrus sinensis (L.) Osbeck, = Citrus maxima × C. reticulata)","Washington Navel",0,1,1,0
"l2",1,1.336,0.323,0.127,8.475,4.702,4.157,0.555,0.069,0.242,0.158,0.393,1.131,"20","Citrus × aurantium L. var. sinensis L. (=Citrus sinensis (L.) Osbeck, = Citrus maxima × C. reticulata)","Washington Navel",0,1,1,0
"l2",6,1.023,0.158,0.12,7.986,3.66,4.423,0.458,0.043,0.154,0.128,0.759,0.827,"20","Citrus × aurantium L. var. sinensis L. (=Citrus sinensis (L.) Osbeck, = Citrus maxima × C. reticulata)","Washington Navel",0,1,1,0
"l3",1,1.458,0.163,0.108,9.449,4.622,5.067,0.489,0.035,0.112,0.154,0.663,0.912,"23","Citrus × aurantium L. var. sinensis L. (=Citrus sinensis (L.) Osbeck, = Citrus maxima × C. reticulata)","Ovale",0,1,1,0
"l3",4,1.365,0.218,0.133,9.206,4.17,4.523,0.453,0.052,0.16,0.148,0.61,0.922,"23","Citrus × aurantium L. var. sinensis L. (=Citrus sinensis (L.) Osbeck, = Citrus maxima × C. reticulata)","Ovale",0,1,1,0
"l3",6,0.874,0.14,0.086,6.695,2.431,3.575,0.363,0.058,0.16,0.131,0.614,0.68,"23","Citrus × aurantium L. var. sinensis L. (=Citrus sinensis (L.) Osbeck, = Citrus maxima × C. reticulata)","Ovale",0,1,1,0
"l4",2,0.832,0.175,0.078,4.87,2.413,1.848,0.495,0.073,0.21,0.171,0.446,1.306,"52","Citrus × aurantium L. var. tachibana Makino (= C. × deliciosa Ten. = Citrus reticulata × (C. maxima × C. reticulata)) ","Esbal",0,1,1,0
"l4",5,0.848,0.151,0.093,7.508,3.68,3.96,0.49,0.041,0.178,0.113,0.616,0.929,"52","Citrus × aurantium L. var. tachibana Makino (= C. × deliciosa Ten. = Citrus reticulata × (C. maxima × C. reticulata)) ","Esbal",0,1,1,0
"l4",6,0.556,0.139,0.105,6.202,2.441,3.917,0.394,0.057,0.25,0.09,0.755,0.623,"52","Citrus × aurantium L. var. tachibana Makino (= C. × deliciosa Ten. = Citrus reticulata × (C. maxima × C. reticulata)) ","Esbal",0,1,1,0
"l5",5,0.839,0.151,0.071,6.201,2.25,2.887,0.363,0.067,0.18,0.135,0.47,0.779,"53","Citrus australasica F. Muell. var. sanguinea F. M. Bailey (= Microcitrus australasica (F. Muell.) Swingle)","Marisol",0,0,0,0
"l5",2,1.379,0.169,0.117,8.667,4.363,4.783,0.503,0.039,0.123,0.159,0.692,0.912,"53","Citrus australasica F. Muell. var. sanguinea F. M. Bailey (= Microcitrus australasica (F. Muell.) Swingle)","Marisol",0,0,0,0
"l5",6,0.776,0.155,0.086,6.012,2.964,3.127,0.493,0.052,0.2,0.129,0.555,0.948,"53","Citrus australasica F. Muell. var. sanguinea F. M. Bailey (= Microcitrus australasica (F. Muell.) Swingle)","Marisol",0,0,0,0
"l6",4,0.877,0.185,0.098,4.864,2.715,2.107,0.558,0.068,0.211,0.18,0.53,1.289,"52a","Citrus × aurantium L. var. sinensis L. (=Citrus sinensis (L.) Osbeck, = Citrus maxima × C. reticulata)","Oblonga",0,1,1,0
"l6",1,0.422,0.115,0.089,3.89,2.453,1.489,0.631,0.047,0.273,0.108,0.774,1.647,"52a","Citrus × aurantium L. var. sinensis L. (=Citrus sinensis (L.) Osbeck, = Citrus maxima × C. reticulata)","Oblonga",0,1,1,0
"l6",6,1.155,0.181,0.14,8.283,4.406,3.545,0.532,0.041,0.157,0.139,0.773,1.243,"52a","Citrus × aurantium L. var. sinensis L. (=Citrus sinensis (L.) Osbeck, = Citrus maxima × C. reticulata)","Oblonga",0,1,1,0
"l7",2,0.989,0.153,0.093,5.189,2.234,3.327,0.431,0.068,0.155,0.191,0.608,0.671,"52","Citrus × aurantium L. var. tachibana Makino (= C. × deliciosa Ten. = Citrus reticulata × (C. maxima × C. reticulata)) ","Esbal",0,1,1,0
"l7",3,1.017,0.155,0.112,8.702,3.829,5.068,0.44,0.04,0.152,0.117,0.723,0.756,"52","Citrus × aurantium L. var. tachibana Makino (= C. × deliciosa Ten. = Citrus reticulata × (C. maxima × C. reticulata)) ","Esbal",0,1,1,0
"l7",6,1.014,0.162,0.095,8.619,2.696,5.236,0.313,0.06,0.16,0.118,0.586,0.515,"52","Citrus × aurantium L. var. tachibana Makino (= C. × deliciosa Ten. = Citrus reticulata × (C. maxima × C. reticulata)) ","Esbal",0,1,1,0
"m1",1,1.432,0.22,0.161,11.496,4.453,6.104,0.387,0.049,0.154,0.125,0.732,0.73,"18","Citrus × aurantium L. var. sinensis L. (=Citrus sinensis (L.) Osbeck, = Citrus maxima × C. reticulata)","Tarocco",0,1,1,0
"m1",5,2.089,0.257,0.164,10.232,5.517,5.102,0.539,0.047,0.123,0.204,0.638,1.081,"18","Citrus × aurantium L. var. sinensis L. (=Citrus sinensis (L.) Osbeck, = Citrus maxima × C. reticulata)","Tarocco",0,1,1,0
"m1",6,1.299,0.188,0.161,9.33,4.593,4.324,0.492,0.041,0.145,0.139,0.856,1.062,"18","Citrus × aurantium L. var. sinensis L. (=Citrus sinensis (L.) Osbeck, = Citrus maxima × C. reticulata)","Tarocco",0,1,1,0
"m2",1,1.141,0.197,0.163,11.712,6.804,5.548,0.581,0.029,0.173,0.097,0.827,1.226,"19","Citrus × aurantium L. var. sinensis L. (=Citrus sinensis (L.) Osbeck, = Citrus maxima × C. reticulata)","Sanguinello",0,1,1,0
"m2",4,0.845,0.182,0.12,9.587,4.231,5.03,0.441,0.043,0.215,0.088,0.659,0.841,"19","Citrus × aurantium L. var. sinensis L. (=Citrus sinensis (L.) Osbeck, = Citrus maxima × C. reticulata)","Sanguinello",0,1,1,0
"m2",5,0.724,0.179,0.143,10.61,4.075,5.061,0.384,0.044,0.247,0.068,0.799,0.805,"19","Citrus × aurantium L. var. sinensis L. (=Citrus sinensis (L.) Osbeck, = Citrus maxima × C. reticulata)","Sanguinello",0,1,1,0
"m3",2,1.034,0.208,0.103,7.372,4.13,3.562,0.56,0.05,0.201,0.14,0.495,1.159,"23","Citrus × aurantium L. var. sinensis L. (=Citrus sinensis (L.) Osbeck, = Citrus maxima × C. reticulata)","Ovale",0,1,1,0
"m3",5,0.969,0.151,0.129,8.803,2.66,5.046,0.302,0.057,0.156,0.11,0.854,0.527,"23","Citrus × aurantium L. var. sinensis L. (=Citrus sinensis (L.) Osbeck, = Citrus maxima × C. reticulata)","Ovale",0,1,1,0
"m3",6,1.287,0.415,0.094,6.996,3.294,3.24,0.471,0.126,0.322,0.184,0.227,1.017,"23","Citrus × aurantium L. var. sinensis L. (=Citrus sinensis (L.) Osbeck, = Citrus maxima × C. reticulata)","Ovale",0,1,1,0
"m4",1,0.764,0.226,0.086,5.265,2.512,2.704,0.477,0.09,0.296,0.145,0.381,0.929,"113","Citrus medica L.","Corsica",1,0,0,0
"m4",2,0.674,0.102,0.072,4.223,1.582,2.296,0.375,0.064,0.151,0.16,0.706,0.689,"113","Citrus medica L.","Corsica",1,0,0,0
"m4",4,0.863,0.19,0.083,4.994,2.47,2.273,0.495,0.077,0.22,0.173,0.437,1.087,"113","Citrus medica L.","Corsica",1,0,0,0
"m5",1,1.241,0.365,0.118,6.682,3.137,3.294,0.469,0.116,0.294,0.186,0.323,0.952,"26","Citrus × aurantium L. var. sinensis L. (=Citrus sinensis (L.) Osbeck, = Citrus maxima × C. reticulata)","Newhall",0,1,1,0
"m5",4,1.272,0.251,0.087,4.3,2.05,1.995,0.477,0.122,0.197,0.296,0.347,1.028,"26","Citrus × aurantium L. var. sinensis L. (=Citrus sinensis (L.) Osbeck, = Citrus maxima × C. reticulata)","Newhall",0,1,1,0
"m5",5,1.959,0.175,0.111,8.425,5.276,3.701,0.626,0.033,0.089,0.233,0.634,1.426,"26","Citrus × aurantium L. var. sinensis L. (=Citrus sinensis (L.) Osbeck, = Citrus maxima × C. reticulata)","Newhall",0,1,1,0
"m6",2,1.719,0.46,0.117,8.141,3.697,3.658,0.454,0.124,0.268,0.211,0.254,1.011,"19","Citrus × aurantium L. var. sinensis L. (=Citrus sinensis (L.) Osbeck, = Citrus maxima × C. reticulata)","Sanguinello",0,1,1,0
"m6",3,1.501,0.304,0.178,11.588,5.863,5.667,0.506,0.052,0.203,0.13,0.586,1.035,"19","Citrus × aurantium L. var. sinensis L. (=Citrus sinensis (L.) Osbeck, = Citrus maxima × C. reticulata)","Sanguinello",0,1,1,0
"m6",4,1.245,0.279,0.14,8.13,4.657,3.618,0.573,0.06,0.224,0.153,0.502,1.287,"19","Citrus × aurantium L. var. sinensis L. (=Citrus sinensis (L.) Osbeck, = Citrus maxima × C. reticulata)","Sanguinello",0,1,1,0
"m7",1,0.676,0.145,0.11,7.24,2.804,3.753,0.387,0.052,0.214,0.093,0.759,0.747,"19","Citrus × aurantium L. var. sinensis L. (=Citrus sinensis (L.) Osbeck, = Citrus maxima × C. reticulata)","Sanguinello",0,1,1,0
"m7",4,1.209,0.238,0.108,7.258,2.345,3.854,0.323,0.101,0.197,0.167,0.454,0.608,"19","Citrus × aurantium L. var. sinensis L. (=Citrus sinensis (L.) Osbeck, = Citrus maxima × C. reticulata)","Sanguinello",0,1,1,0
"m7",6,1.081,0.244,0.102,6.357,2.53,2.99,0.398,0.096,0.226,0.17,0.418,0.846,"19","Citrus × aurantium L. var. sinensis L. (=Citrus sinensis (L.) Osbeck, = Citrus maxima × C. reticulata)","Sanguinello",0,1,1,0
"n2",1,1.034,0.257,0.103,6.585,3.522,3.196,0.535,0.073,0.249,0.157,0.401,1.102,"19","Citrus × aurantium L. var. sinensis L. (=Citrus sinensis (L.) Osbeck, = Citrus maxima × C. reticulata)","Sanguinello",0,1,1,0
"n2",5,0.941,0.181,0.105,6.343,3.284,2.766,0.518,0.055,0.192,0.148,0.58,1.187,"19","Citrus × aurantium L. var. sinensis L. (=Citrus sinensis (L.) Osbeck, = Citrus maxima × C. reticulata)","Sanguinello",0,1,1,0
"n2",6,1.64,0.235,0.094,6.261,3.476,3.276,0.555,0.068,0.143,0.262,0.4,1.061,"19","Citrus × aurantium L. var. sinensis L. (=Citrus sinensis (L.) Osbeck, = Citrus maxima × C. reticulata)","Sanguinello",0,1,1,0
"n3",1,1.19,0.268,0.105,7.525,3.899,4.42,0.518,0.069,0.225,0.158,0.392,0.882,"22","Citrus × aurantium L. var. sinensis L. (=Citrus sinensis (L.) Osbeck, = Citrus maxima × C. reticulata)","ACB",0,1,1,0
"n3",4,1.503,0.239,0.094,7.499,3.44,3.892,0.459,0.069,0.159,0.2,0.393,0.884,"22","Citrus × aurantium L. var. sinensis L. (=Citrus sinensis (L.) Osbeck, = Citrus maxima × C. reticulata)","ACB",0,1,1,0
"n3",5,1.186,0.188,0.114,8.662,3.887,4.533,0.449,0.048,0.159,0.137,0.606,0.857,"22","Citrus × aurantium L. var. sinensis L. (=Citrus sinensis (L.) Osbeck, = Citrus maxima × C. reticulata)","ACB",0,1,1,0
"n4",3,0.892,0.221,0.123,8.752,4.164,4.621,0.476,0.053,0.248,0.102,0.557,0.901,"49","Citrus × aurantium L. var. sinensis L. (=Citrus sinensis (L.) Osbeck, = Citrus maxima × C. reticulata)","Bionda del Gargano",0,1,1,0
"n4",4,1.348,0.251,0.123,8.298,4.034,3.789,0.486,0.062,0.186,0.162,0.49,1.065,"49","Citrus × aurantium L. var. sinensis L. (=Citrus sinensis (L.) Osbeck, = Citrus maxima × C. reticulata)","Bionda del Gargano",0,1,1,0
"n4",5,0.816,0.205,0.104,8.374,3.845,4.215,0.459,0.053,0.251,0.097,0.507,0.912,"49","Citrus × aurantium L. var. sinensis L. (=Citrus sinensis (L.) Osbeck, = Citrus maxima × C. reticulata)","Bionda del Gargano",0,1,1,0
"n5",1,1.364,0.18,0.13,9.226,5.447,5.286,0.59,0.033,0.132,0.148,0.722,1.03,"52a","Citrus × aurantium L. var. sinensis L. (=Citrus sinensis (L.) Osbeck, = Citrus maxima × C. reticulata)","Oblonga",0,1,1,0
"n5",3,1.728,0.264,0.153,11.169,6.268,5.22,0.561,0.042,0.153,0.155,0.58,1.201,"52a","Citrus × aurantium L. var. sinensis L. (=Citrus sinensis (L.) Osbeck, = Citrus maxima × C. reticulata)","Oblonga",0,1,1,0
"n5",4,1.097,0.119,0.101,7.753,3.976,4.24,0.513,0.03,0.108,0.141,0.849,0.938,"52a","Citrus × aurantium L. var. sinensis L. (=Citrus sinensis (L.) Osbeck, = Citrus maxima × C. reticulata)","Oblonga",0,1,1,0
"n6",2,0.644,0.125,0.107,6.338,2.908,3.46,0.459,0.043,0.194,0.102,0.856,0.84,"52a","Citrus × aurantium L. var. sinensis L. (=Citrus sinensis (L.) Osbeck, = Citrus maxima × C. reticulata)","Oblonga",0,1,1,0
"n6",3,1.518,0.209,0.146,8.377,3.333,3.864,0.398,0.063,0.138,0.181,0.699,0.863,"52a","Citrus × aurantium L. var. sinensis L. (=Citrus sinensis (L.) Osbeck, = Citrus maxima × C. reticulata)","Oblonga",0,1,1,0
"n6",4,0.908,0.125,0.105,7.019,3.736,3.21,0.532,0.033,0.138,0.129,0.84,1.164,"52a","Citrus × aurantium L. var. sinensis L. (=Citrus sinensis (L.) Osbeck, = Citrus maxima × C. reticulata)","Oblonga",0,1,1,0
"n7",1,1.971,0.291,0.154,11.721,5.471,5.807,0.467,0.053,0.148,0.168,0.529,0.942,"24","Citrus × aurantium L. var. sinensis L. (=Citrus sinensis (L.) Osbeck, = Citrus maxima × C. reticulata)","Navelate",0,1,1,0
"n7",4,1.359,0.346,0.133,8.462,4.359,4.797,0.515,0.079,0.255,0.161,0.384,0.909,"24","Citrus × aurantium L. var. sinensis L. (=Citrus sinensis (L.) Osbeck, = Citrus maxima × C. reticulata)","Navelate",0,1,1,0
"n7",3,1.594,0.398,0.16,11.136,5.44,5.862,0.489,0.073,0.25,0.143,0.402,0.928,"24","Citrus × aurantium L. var. sinensis L. (=Citrus sinensis (L.) Osbeck, = Citrus maxima × C. reticulata)","Navelate",0,1,1,0
"o1",1,1.486,0.222,0.119,7.315,4.012,4.139,0.548,0.055,0.149,0.203,0.536,0.969,"18","Citrus × aurantium L. var. sinensis L. (=Citrus sinensis (L.) Osbeck, = Citrus maxima × C. reticulata)","Tarocco",0,1,1,0
"o1",5,1.374,0.222,0.154,12.045,5.538,6.203,0.46,0.04,0.162,0.114,0.694,0.893,"18","Citrus × aurantium L. var. sinensis L. (=Citrus sinensis (L.) Osbeck, = Citrus maxima × C. reticulata)","Tarocco",0,1,1,0
"o1",6,1.631,0.218,0.151,11.3,4.785,6.059,0.423,0.046,0.134,0.144,0.693,0.79,"18","Citrus × aurantium L. var. sinensis L. (=Citrus sinensis (L.) Osbeck, = Citrus maxima × C. reticulata)","Tarocco",0,1,1,0
"o2",3,1.233,0.197,0.13,13.349,5.408,6.854,0.405,0.036,0.16,0.092,0.66,0.789,"19","Citrus × aurantium L. var. sinensis L. (=Citrus sinensis (L.) Osbeck, = Citrus maxima × C. reticulata)","Sanguinello",0,1,1,0
"o2",4,0.836,0.154,0.11,8.563,3.621,4.146,0.423,0.043,0.184,0.098,0.714,0.873,"19","Citrus × aurantium L. var. sinensis L. (=Citrus sinensis (L.) Osbeck, = Citrus maxima × C. reticulata)","Sanguinello",0,1,1,0
"o2",6,0.6,0.118,0.078,6.964,2.073,3.137,0.298,0.057,0.197,0.086,0.661,0.661,"19","Citrus × aurantium L. var. sinensis L. (=Citrus sinensis (L.) Osbeck, = Citrus maxima × C. reticulata)","Sanguinello",0,1,1,0
"o3",1,1.302,0.299,0.144,8.153,4.394,4.316,0.539,0.068,0.23,0.16,0.482,1.018,"22","Citrus × aurantium L. var. sinensis L. (=Citrus sinensis (L.) Osbeck, = Citrus maxima × C. reticulata)","ACB",0,1,1,0
"o3",2,1.215,0.203,0.114,8.184,3.72,4.728,0.455,0.055,0.167,0.148,0.562,0.787,"22","Citrus × aurantium L. var. sinensis L. (=Citrus sinensis (L.) Osbeck, = Citrus maxima × C. reticulata)","ACB",0,1,1,0
"o3",3,0.804,0.139,0.089,6.979,2.915,4.076,0.418,0.048,0.173,0.115,0.64,0.715,"22","Citrus × aurantium L. var. sinensis L. (=Citrus sinensis (L.) Osbeck, = Citrus maxima × C. reticulata)","ACB",0,1,1,0
"o4",2,1.139,0.281,0.13,8.824,4.288,5.205,0.486,0.066,0.247,0.129,0.463,0.824,"24","Citrus × aurantium L. var. sinensis L. (=Citrus sinensis (L.) Osbeck, = Citrus maxima × C. reticulata)","Navelate",0,1,1,0
"o4",4,1.412,0.28,0.103,7.568,3.802,3.854,0.502,0.074,0.198,0.187,0.368,0.987,"24","Citrus × aurantium L. var. sinensis L. (=Citrus sinensis (L.) Osbeck, = Citrus maxima × C. reticulata)","Navelate",0,1,1,0
"o4",6,1.066,0.274,0.108,6.842,3.383,3.355,0.494,0.081,0.257,0.156,0.394,1.008,"24","Citrus × aurantium L. var. sinensis L. (=Citrus sinensis (L.) Osbeck, = Citrus maxima × C. reticulata)","Navelate",0,1,1,0
"o5",2,1.182,0.276,0.092,5.928,2.957,2.952,0.499,0.093,0.234,0.199,0.333,1.002,"27","Citrus × aurantium L. var. sinensis L. (=Citrus sinensis (L.) Osbeck, = Citrus maxima × C. reticulata)","Salustiana",0,1,1,0
"o5",4,1.212,0.295,0.087,4.709,2.456,2.338,0.522,0.12,0.243,0.257,0.295,1.05,"27","Citrus × aurantium L. var. sinensis L. (=Citrus sinensis (L.) Osbeck, = Citrus maxima × C. reticulata)","Salustiana",0,1,1,0
"o5",6,1.039,0.221,0.093,7.499,3.333,4.091,0.444,0.066,0.213,0.139,0.421,0.815,"27","Citrus × aurantium L. var. sinensis L. (=Citrus sinensis (L.) Osbeck, = Citrus maxima × C. reticulata)","Salustiana",0,1,1,0
"o6",1,1.36,0.359,0.12,7.684,3.467,3.615,0.451,0.104,0.264,0.177,0.334,0.959,"26","Citrus × aurantium L. var. sinensis L. (=Citrus sinensis (L.) Osbeck, = Citrus maxima × C. reticulata)","Newhall",0,1,1,0
"o6",2,1.189,0.187,0.15,9.675,5.699,4.669,0.589,0.033,0.157,0.123,0.802,1.221,"26","Citrus × aurantium L. var. sinensis L. (=Citrus sinensis (L.) Osbeck, = Citrus maxima × C. reticulata)","Newhall",0,1,1,0
"o6",3,1.854,0.291,0.169,10.752,6.059,5.858,0.564,0.048,0.157,0.172,0.581,1.034,"26","Citrus × aurantium L. var. sinensis L. (=Citrus sinensis (L.) Osbeck, = Citrus maxima × C. reticulata)","Newhall",0,1,1,0
"o7",2,1.118,0.288,0.081,3.999,2.064,2.026,0.516,0.14,0.258,0.28,0.281,1.019,"52a","Citrus × aurantium L. var. sinensis L. (=Citrus sinensis (L.) Osbeck, = Citrus maxima × C. reticulata)","Oblonga",0,1,1,0
"o7",4,1.463,0.336,0.129,9.342,5.242,5.416,0.561,0.064,0.23,0.157,0.384,0.968,"52a","Citrus × aurantium L. var. sinensis L. (=Citrus sinensis (L.) Osbeck, = Citrus maxima × C. reticulata)","Oblonga",0,1,1,0
"o7",6,1.478,0.19,0.13,8.862,4.919,4.636,0.555,0.039,0.129,0.167,0.684,1.061,"52a","Citrus × aurantium L. var. sinensis L. (=Citrus sinensis (L.) Osbeck, = Citrus maxima × C. reticulata)","Oblonga",0,1,1,0
"p1",1,1.644,0.203,0.161,11.25,4.938,6.605,0.439,0.041,0.123,0.146,0.793,0.748,"18","Citrus × aurantium L. var. sinensis L. (=Citrus sinensis (L.) Osbeck, = Citrus maxima × C. reticulata)","Tarocco",0,1,1,0
"p1",4,2.254,0.228,0.16,10.624,5.348,5.342,0.503,0.043,0.101,0.212,0.702,1.001,"18","Citrus × aurantium L. var. sinensis L. (=Citrus sinensis (L.) Osbeck, = Citrus maxima × C. reticulata)","Tarocco",0,1,1,0
"p1",5,1.953,0.237,0.188,13.431,6.664,6.61,0.496,0.036,0.121,0.145,0.793,1.008,"18","Citrus × aurantium L. var. sinensis L. (=Citrus sinensis (L.) Osbeck, = Citrus maxima × C. reticulata)","Tarocco",0,1,1,0
"p2",3,1.35,0.203,0.137,8.044,5.31,4.452,0.66,0.038,0.15,0.168,0.675,1.193,"19","Citrus × aurantium L. var. sinensis L. (=Citrus sinensis (L.) Osbeck, = Citrus maxima × C. reticulata)","Sanguinello",0,1,1,0
"p2",4,1.024,0.188,0.128,8.268,3.45,4.684,0.417,0.054,0.184,0.124,0.681,0.737,"19","Citrus × aurantium L. var. sinensis L. (=Citrus sinensis (L.) Osbeck, = Citrus maxima × C. reticulata)","Sanguinello",0,1,1,0
"p2",5,1.206,0.19,0.125,7.63,4.186,3.533,0.549,0.045,0.158,0.158,0.658,1.185,"19","Citrus × aurantium L. var. sinensis L. (=Citrus sinensis (L.) Osbeck, = Citrus maxima × C. reticulata)","Sanguinello",0,1,1,0
"p3",1,0.924,0.187,0.132,8.344,4.069,4.538,0.488,0.046,0.202,0.111,0.706,0.897,"21","Citrus × aurantium L. var. sinensis L. (=Citrus sinensis (L.) Osbeck, = Citrus maxima × C. reticulata) = C. paradisi Macfad.","Pomelo “Mostroso”",0,1,1,0
"p3",2,1.039,0.184,0.114,6.238,2.55,3.899,0.409,0.072,0.177,0.167,0.62,0.654,"21","Citrus × aurantium L. var. sinensis L. (=Citrus sinensis (L.) Osbeck, = Citrus maxima × C. reticulata) = C. paradisi Macfad.","Pomelo “Mostroso”",0,1,1,0
"p3",6,1.688,0.213,0.138,9.196,5.279,5.477,0.574,0.04,0.126,0.184,0.648,0.964,"21","Citrus × aurantium L. var. sinensis L. (=Citrus sinensis (L.) Osbeck, = Citrus maxima × C. reticulata) = C. paradisi Macfad.","Pomelo “Mostroso”",0,1,1,0
"p4",2,0.973,0.275,0.108,5.799,2.975,2.891,0.513,0.092,0.283,0.168,0.393,1.029,"49","Citrus × aurantium L. var. sinensis L. (=Citrus sinensis (L.) Osbeck, = Citrus maxima × C. reticulata)","Bionda del Gargano",0,1,1,0
"p4",3,0.852,0.173,0.085,5.356,2.732,2.753,0.51,0.063,0.203,0.159,0.491,0.992,"49","Citrus × aurantium L. var. sinensis L. (=Citrus sinensis (L.) Osbeck, = Citrus maxima × C. reticulata)","Bionda del Gargano",0,1,1,0
"p4",7,0.856,0.144,0.102,7.785,4.778,3.627,0.614,0.03,0.168,0.11,0.708,1.317,"49","Citrus × aurantium L. var. sinensis L. (=Citrus sinensis (L.) Osbeck, = Citrus maxima × C. reticulata)","Bionda del Gargano",0,1,1,0
"p5",1,1.548,0.282,0.106,6.685,3.365,3.3,0.503,0.084,0.182,0.232,0.376,1.02,"51a","Citrus × aurantium L. var. sinensis L. (=Citrus sinensis (L.) Osbeck, = Citrus maxima × C. reticulata)","Fisher navel C4068",0,1,1,0
"p5",2,1.74,0.281,0.131,9.722,4.422,4.884,0.455,0.064,0.161,0.179,0.466,0.905,"51a","Citrus × aurantium L. var. sinensis L. (=Citrus sinensis (L.) Osbeck, = Citrus maxima × C. reticulata)","Fisher navel C4068",0,1,1,0
"p5",4,1.373,0.159,0.085,6.22,2.516,3.366,0.405,0.063,0.116,0.221,0.535,0.747,"51a","Citrus × aurantium L. var. sinensis L. (=Citrus sinensis (L.) Osbeck, = Citrus maxima × C. reticulata)","Fisher navel C4068",0,1,1,0
"p6",2,1.868,0.449,0.13,9.808,4.638,5.016,0.473,0.097,0.24,0.19,0.29,0.925,"51a","Citrus × aurantium L. var. sinensis L. (=Citrus sinensis (L.) Osbeck, = Citrus maxima × C. reticulata)","Fisher navel C4068",0,1,1,0
"p6",6,1.591,0.419,0.121,7.143,3.645,3.351,0.51,0.115,0.263,0.223,0.289,1.088,"51a","Citrus × aurantium L. var. sinensis L. (=Citrus sinensis (L.) Osbeck, = Citrus maxima × C. reticulata)","Fisher navel C4068",0,1,1,0
"p6",7,1.553,0.286,0.097,7.937,3.031,4.293,0.382,0.094,0.184,0.196,0.339,0.706,"51a","Citrus × aurantium L. var. sinensis L. (=Citrus sinensis (L.) Osbeck, = Citrus maxima × C. reticulata)","Fisher navel C4068",0,1,1,0
"p7",3,1.469,0.274,0.127,8.999,3.73,4.392,0.414,0.073,0.187,0.163,0.464,0.849,"51a","Citrus × aurantium L. var. sinensis L. (=Citrus sinensis (L.) Osbeck, = Citrus maxima × C. reticulata)","Fisher navel C4068",0,1,1,0
"p7",2,1.558,0.177,0.115,6.837,4.018,3.063,0.588,0.044,0.114,0.228,0.65,1.312,"51a","Citrus × aurantium L. var. sinensis L. (=Citrus sinensis (L.) Osbeck, = Citrus maxima × C. reticulata)","Fisher navel C4068",0,1,1,0
"p7",4,1.256,0.336,0.133,7.96,3.683,4.284,0.463,0.091,0.268,0.158,0.396,0.86,"51a","Citrus × aurantium L. var. sinensis L. (=Citrus sinensis (L.) Osbeck, = Citrus maxima × C. reticulata)","Fisher navel C4068",0,1,1,0
"q1",4,1.13,0.177,0.106,7.579,4.092,3.538,0.54,0.043,0.157,0.149,0.599,1.157,"18","Citrus × aurantium L. var. sinensis L. (=Citrus sinensis (L.) Osbeck, = Citrus maxima × C. reticulata)","Tarocco",0,1,1,0
"q1",2,1.867,0.225,0.134,11.577,4.482,6.159,0.387,0.05,0.121,0.161,0.596,0.728,"18","Citrus × aurantium L. var. sinensis L. (=Citrus sinensis (L.) Osbeck, = Citrus maxima × C. reticulata)","Tarocco",0,1,1,0
"q1",6,2.09,0.32,0.155,12.793,5.118,7.712,0.4,0.063,0.153,0.163,0.484,0.664,"18","Citrus × aurantium L. var. sinensis L. (=Citrus sinensis (L.) Osbeck, = Citrus maxima × C. reticulata)","Tarocco",0,1,1,0
"q2",1,1.476,0.242,0.137,9.729,4.735,4.829,0.487,0.051,0.164,0.152,0.566,0.981,"19","Citrus × aurantium L. var. sinensis L. (=Citrus sinensis (L.) Osbeck, = Citrus maxima × C. reticulata)","Sanguinello",0,1,1,0
"q2",3,1.131,0.178,0.137,11.245,5.278,5.894,0.469,0.034,0.157,0.101,0.77,0.895,"19","Citrus × aurantium L. var. sinensis L. (=Citrus sinensis (L.) Osbeck, = Citrus maxima × C. reticulata)","Sanguinello",0,1,1,0
"q2",5,0.823,0.186,0.103,7.587,3.966,3.719,0.523,0.047,0.226,0.108,0.554,1.066,"19","Citrus × aurantium L. var. sinensis L. (=Citrus sinensis (L.) Osbeck, = Citrus maxima × C. reticulata)","Sanguinello",0,1,1,0
"q3",1,0.395,0.05,0.04,3.247,0.969,1.775,0.298,0.052,0.127,0.122,0.8,0.546,"114","Citrus wintersii Mabb. (= Microcitrus papuana Winters) ","Limetta Papuana",0,0,0,0
"q3",3,0.356,0.051,0.043,3.031,1.11,1.457,0.366,0.046,0.143,0.117,0.843,0.762,"114","Citrus wintersii Mabb. (= Microcitrus papuana Winters) ","Limetta Papuana",0,0,0,0
"q3",4,0.303,0.054,0.043,3.511,1.159,1.885,0.33,0.047,0.178,0.086,0.796,0.615,"114","Citrus wintersii Mabb. (= Microcitrus papuana Winters) ","Limetta Papuana",0,0,0,0
"q4",1,1.561,0.284,0.117,8.034,4.197,3.869,0.522,0.068,0.182,0.194,0.412,1.085,"51a","Citrus × aurantium L. var. sinensis L. (=Citrus sinensis (L.) Osbeck, = Citrus maxima × C. reticulata)","Fisher navel C4068",0,1,1,0
"q4",2,1.608,0.178,0.126,8.652,6.074,3.836,0.702,0.029,0.111,0.186,0.708,1.583,"51a","Citrus × aurantium L. var. sinensis L. (=Citrus sinensis (L.) Osbeck, = Citrus maxima × C. reticulata)","Fisher navel C4068",0,1,1,0
"q4",4,1.119,0.27,0.14,6.482,2.664,3.292,0.411,0.101,0.241,0.173,0.519,0.809,"51a","Citrus × aurantium L. var. sinensis L. (=Citrus sinensis (L.) Osbeck, = Citrus maxima × C. reticulata)","Fisher navel C4068",0,1,1,0
"q5",2,1.79,0.375,0.14,9.025,4.559,4.457,0.505,0.082,0.209,0.198,0.373,1.023,"51a","Citrus × aurantium L. var. sinensis L. (=Citrus sinensis (L.) Osbeck, = Citrus maxima × C. reticulata)","Fisher navel C4068",0,1,1,0
"q5",3,1.401,0.205,0.112,8.128,3.785,4.778,0.466,0.054,0.146,0.172,0.546,0.792,"51a","Citrus × aurantium L. var. sinensis L. (=Citrus sinensis (L.) Osbeck, = Citrus maxima × C. reticulata)","Fisher navel C4068",0,1,1,0
"q5",5,2.013,0.47,0.131,10.225,5.783,4.568,0.566,0.081,0.233,0.197,0.279,1.266,"51a","Citrus × aurantium L. var. sinensis L. (=Citrus sinensis (L.) Osbeck, = Citrus maxima × C. reticulata)","Fisher navel C4068",0,1,1,0
"q6",1,1.879,0.38,0.145,10.744,5.809,5.721,0.541,0.065,0.202,0.175,0.382,1.015,"76","Citrus × aurantium L. var. sinensis L. (=Citrus sinensis (L.) Osbeck, = Citrus maxima × C. reticulata)"," ",0,1,1,0
"q6",2,1.016,0.182,0.089,4.413,1.848,2.192,0.419,0.098,0.179,0.23,0.489,0.843,"76","Citrus × aurantium L. var. sinensis L. (=Citrus sinensis (L.) Osbeck, = Citrus maxima × C. reticulata)"," ",0,1,1,0
"q6",7,1.253,0.286,0.121,6.114,2.951,3.058,0.483,0.097,0.228,0.205,0.423,0.965,"76","Citrus × aurantium L. var. sinensis L. (=Citrus sinensis (L.) Osbeck, = Citrus maxima × C. reticulata)"," ",0,1,1,0
"q7",2,0.978,0.131,0.104,7.529,3.461,3.99,0.46,0.038,0.134,0.13,0.794,0.867,"76","Citrus × aurantium L. var. sinensis L. (=Citrus sinensis (L.) Osbeck, = Citrus maxima × C. reticulata)"," ",0,1,1,0
"q7",3,0.78,0.105,0.094,6.73,2.63,3.137,0.391,0.04,0.135,0.116,0.895,0.838,"76","Citrus × aurantium L. var. sinensis L. (=Citrus sinensis (L.) Osbeck, = Citrus maxima × C. reticulata)"," ",0,1,1,0
"q7",6,1.818,0.301,0.117,8.873,4.561,4.118,0.514,0.066,0.166,0.205,0.389,1.108,"76","Citrus × aurantium L. var. sinensis L. (=Citrus sinensis (L.) Osbeck, = Citrus maxima × C. reticulata)"," ",0,1,1,0
"q8",2,1.378,0.529,0.133,5.252,3.17,3.162,0.604,0.167,0.384,0.262,0.251,1.003,"115","Citrus obovoidea Takahashi (= Citrus maxima (Burm.) Merr. x Citrus × aurantium L. var. tachibana Makino (= C. × deliciosa Ten. = Citrus reticulata × (C. maxima × C. reticulata)) ","Pompelmo Kinkoji",0,1,1,0
"q8",3,0.96,0.281,0.109,4.233,2.909,2.113,0.687,0.097,0.293,0.227,0.388,1.377,"115","Citrus obovoidea Takahashi (= Citrus maxima (Burm.) Merr. x Citrus × aurantium L. var. tachibana Makino (= C. × deliciosa Ten. = Citrus reticulata × (C. maxima × C. reticulata)) ","Pompelmo Kinkoji",0,1,1,0
"q8",4,1.946,1.083,0.158,6.869,4.376,3.889,0.637,0.247,0.557,0.283,0.146,1.125,"115","Citrus obovoidea Takahashi (= Citrus maxima (Burm.) Merr. x Citrus × aurantium L. var. tachibana Makino (= C. × deliciosa Ten. = Citrus reticulata × (C. maxima × C. reticulata)) ","Pompelmo Kinkoji",0,1,1,0
"r1",1,0.794,0.165,0.125,8.537,3.88,4.679,0.454,0.043,0.208,0.093,0.758,0.829,"4","Citrus × limon (L.) Burm. f. var. limon  (= Citrus medica × (C. maxima × C. reticulata)","Lunario",1,1,1,0
"r1",2,0.794,0.198,0.161,10.327,5.407,4.701,0.524,0.037,0.249,0.077,0.813,1.15,"4","Citrus × limon (L.) Burm. f. var. limon  (= Citrus medica × (C. maxima × C. reticulata)","Lunario",1,1,1,0
"r1",4,0.865,0.182,0.135,9.455,4.611,4.38,0.488,0.039,0.21,0.091,0.742,1.053,"4","Citrus × limon (L.) Burm. f. var. limon  (= Citrus medica × (C. maxima × C. reticulata)","Lunario",1,1,1,0
"r2",1,0.556,0.151,0.125,7.108,3.465,3.191,0.487,0.044,0.272,0.078,0.828,1.086,"4","Citrus × limon (L.) Burm. f. var. limon  (= Citrus medica × (C. maxima × C. reticulata)","Lunario",1,1,1,0
"r2",2,0.987,0.184,0.138,8.79,4.468,3.956,0.508,0.041,0.186,0.112,0.75,1.129,"4","Citrus × limon (L.) Burm. f. var. limon  (= Citrus medica × (C. maxima × C. reticulata)","Lunario",1,1,1,0
"r2",3,0.833,0.183,0.156,10.294,4.171,4.844,0.405,0.044,0.22,0.081,0.852,0.861,"4","Citrus × limon (L.) Burm. f. var. limon  (= Citrus medica × (C. maxima × C. reticulata)","Lunario",1,1,1,0
"r3",2,0.623,0.143,0.123,7.185,4.666,3.533,0.649,0.031,0.23,0.087,0.86,1.321,"6","Citrus × limon (L.) Burm. f. var. limon  (= Citrus medica × (C. maxima × C. reticulata)","Bianco",1,1,1,0
"r3",3,0.677,0.194,0.143,7.424,4.8,3.543,0.647,0.04,0.287,0.091,0.737,1.355,"6","Citrus × limon (L.) Burm. f. var. limon  (= Citrus medica × (C. maxima × C. reticulata)","Bianco",1,1,1,0
"r3",4,0.625,0.172,0.137,8.943,5.318,4.66,0.595,0.032,0.275,0.07,0.797,1.141,"6","Citrus × limon (L.) Burm. f. var. limon  (= Citrus medica × (C. maxima × C. reticulata)","Bianco",1,1,1,0
"r4",1,0.676,0.211,0.169,10.18,5.836,5.254,0.573,0.036,0.312,0.066,0.801,1.111,"6","Citrus × limon (L.) Burm. f. var. limon  (= Citrus medica × (C. maxima × C. reticulata)","Bianco",1,1,1,0
"r4",3,0.711,0.171,0.152,8.231,4.475,3.634,0.544,0.038,0.241,0.086,0.889,1.231,"6","Citrus × limon (L.) Burm. f. var. limon  (= Citrus medica × (C. maxima × C. reticulata)","Bianco",1,1,1,0
"r4",4,0.687,0.201,0.169,9.56,5.047,5.275,0.528,0.04,0.293,0.072,0.841,0.957,"6","Citrus × limon (L.) Burm. f. var. limon  (= Citrus medica × (C. maxima × C. reticulata)","Bianco",1,1,1,0
"r5",1,0.251,0.12,0.113,4.407,2.342,2.354,0.531,0.051,0.478,0.057,0.942,0.995,"7","Citrus × lumia Risso & Poit. (= Citrus maxima × C. medica)","Limone Pera",1,0,1,0
"r5",4,0.289,0.136,0.105,3.9,2.12,2.263,0.544,0.064,0.471,0.074,0.772,0.937,"7","Citrus × lumia Risso & Poit. (= Citrus maxima × C. medica)","Limone Pera",1,0,1,0
"r5",3,0.313,0.125,0.104,5.017,2.581,2.429,0.514,0.048,0.399,0.062,0.832,1.063,"7","Citrus × lumia Risso & Poit. (= Citrus maxima × C. medica)","Limone Pera",1,0,1,0
"r6",4,0.467,0.159,0.125,6.124,3.414,3.358,0.557,0.047,0.34,0.076,0.786,1.017,"7","Citrus × lumia Risso & Poit. (= Citrus maxima × C. medica)","Limone Pera",1,0,1,0
"r6",5,0.563,0.192,0.156,8.324,4.47,4.227,0.537,0.043,0.341,0.068,0.813,1.057,"7","Citrus × lumia Risso & Poit. (= Citrus maxima × C. medica)","Limone Pera",1,0,1,0
"r6",6,0.541,0.167,0.136,7.988,4.319,4.154,0.541,0.039,0.309,0.068,0.814,1.04,"7","Citrus × lumia Risso & Poit. (= Citrus maxima × C. medica)","Limone Pera",1,0,1,0
"r7",1,1.473,0.236,0.199,10.491,6.12,5.591,0.583,0.039,0.16,0.14,0.843,1.095,"10","Citrus × limon (L.) Burm. f. var. limon (= Citrus medica × (C. maxima × C. reticulata)","Incannellato",1,1,1,0
"r7",2,1.399,0.265,0.178,10.986,5.146,5.584,0.468,0.051,0.189,0.127,0.672,0.922,"10","Citrus × limon (L.) Burm. f. var. limon (= Citrus medica × (C. maxima × C. reticulata)","Incannellato",1,1,1,0
"r7",3,0.779,0.205,0.174,8.962,4.296,4.981,0.479,0.048,0.263,0.087,0.849,0.862,"10","Citrus × limon (L.) Burm. f. var. limon (= Citrus medica × (C. maxima × C. reticulata)","Incannellato",1,1,1,0
"r8",3,0.762,0.176,0.149,9.166,4.419,5.334,0.482,0.04,0.231,0.083,0.847,0.828,"16","Citrus × limon (L.) Burm. f. var. limon  (= Citrus medica × (C. maxima × C. reticulata)","Variegado",1,1,1,0
"r8",4,0.87,0.22,0.175,10.816,6.646,5.829,0.614,0.033,0.253,0.08,0.795,1.14,"16","Citrus × limon (L.) Burm. f. var. limon  (= Citrus medica × (C. maxima × C. reticulata)","Variegado",1,1,1,0
"r8",5,0.894,0.196,0.156,9.821,5.904,4.867,0.601,0.033,0.219,0.091,0.796,1.213,"16","Citrus × limon (L.) Burm. f. var. limon  (= Citrus medica × (C. maxima × C. reticulata)","Variegado",1,1,1,0
"s1",2,0.514,0.157,0.138,6.383,3.926,2.649,0.615,0.04,0.305,0.081,0.879,1.482,"4","Citrus × limon (L.) Burm. f. var. limon  (= Citrus medica × (C. maxima × C. reticulata)","Lunario",1,1,1,0
"s1",3,0.538,0.148,0.126,7.907,3.934,4.047,0.498,0.038,0.275,0.068,0.851,0.972,"4","Citrus × limon (L.) Burm. f. var. limon  (= Citrus medica × (C. maxima × C. reticulata)","Lunario",1,1,1,0
"s1",4,0.566,0.134,0.093,4.93,3.21,2.123,0.651,0.042,0.237,0.115,0.694,1.512,"4","Citrus × limon (L.) Burm. f. var. limon  (= Citrus medica × (C. maxima × C. reticulata)","Lunario",1,1,1,0
"s2",2,0.697,0.127,0.101,7.45,3.94,3.79,0.529,0.032,0.182,0.094,0.795,1.04,"4","Citrus × limon (L.) Burm. f. var. limon  (= Citrus medica × (C. maxima × C. reticulata)","Lunario",1,1,1,0
"s2",3,1.029,0.186,0.157,10.252,5.362,5.05,0.523,0.035,0.181,0.1,0.844,1.062,"4","Citrus × limon (L.) Burm. f. var. limon  (= Citrus medica × (C. maxima × C. reticulata)","Lunario",1,1,1,0
"s2",6,0.906,0.183,0.152,8.989,4.63,4.604,0.515,0.04,0.202,0.101,0.831,1.006,"4","Citrus × limon (L.) Burm. f. var. limon  (= Citrus medica × (C. maxima × C. reticulata)","Lunario",1,1,1,0
"s3",1,0.531,0.161,0.127,8.046,4.68,3.179,0.582,0.034,0.303,0.066,0.789,1.472,"6","Citrus × limon (L.) Burm. f. var. limon  (= Citrus medica × (C. maxima × C. reticulata)","Bianco",1,1,1,0
"s3",3,0.758,0.172,0.134,7.679,4.751,3.491,0.619,0.036,0.227,0.099,0.779,1.361,"6","Citrus × limon (L.) Burm. f. var. limon  (= Citrus medica × (C. maxima × C. reticulata)","Bianco",1,1,1,0
"s3",6,0.563,0.159,0.122,6.532,4.116,3.58,0.63,0.039,0.282,0.086,0.767,1.15,"6","Citrus × limon (L.) Burm. f. var. limon  (= Citrus medica × (C. maxima × C. reticulata)","Bianco",1,1,1,0
"s4",1,0.729,0.145,0.11,8.253,5.246,3.088,0.636,0.028,0.199,0.088,0.759,1.699,"6","Citrus × limon (L.) Burm. f. var. limon  (= Citrus medica × (C. maxima × C. reticulata)","Bianco",1,1,1,0
"s4",4,0.928,0.176,0.154,9.986,6.573,4.981,0.658,0.027,0.19,0.093,0.875,1.32,"6","Citrus × limon (L.) Burm. f. var. limon  (= Citrus medica × (C. maxima × C. reticulata)","Bianco",1,1,1,0
"s4",2,0.678,0.178,0.162,9.918,5.756,4.034,0.58,0.031,0.263,0.068,0.91,1.427,"6","Citrus × limon (L.) Burm. f. var. limon  (= Citrus medica × (C. maxima × C. reticulata)","Bianco",1,1,1,0
"s5",1,0.651,0.162,0.147,8.591,3.938,4.594,0.458,0.041,0.249,0.076,0.907,0.857,"8","Citrus × limon (L.) Burm. f. var. limon  (= Citrus medica × (C. maxima × C. reticulata)","Limone",1,1,1,0
"s5",4,1.02,0.221,0.173,11.463,7.176,6.884,0.626,0.031,0.217,0.089,0.783,1.042,"8","Citrus × limon (L.) Burm. f. var. limon  (= Citrus medica × (C. maxima × C. reticulata)","Limone",1,1,1,0
"s5",6,0.911,0.167,0.157,11.556,5.379,5.715,0.465,0.031,0.183,0.079,0.94,0.941,"8","Citrus × limon (L.) Burm. f. var. limon  (= Citrus medica × (C. maxima × C. reticulata)","Limone",1,1,1,0
"s6",1,0.558,0.158,0.127,8.35,4.248,4.166,0.509,0.037,0.283,0.067,0.804,1.02,"9","Citrus × limonimedica Lush. var. cedratiformis Lush. (= Citrus medica × C. maxima)","Cedro",1,0,1,0
"s6",2,0.654,0.163,0.128,7.747,4.361,3.436,0.563,0.037,0.249,0.084,0.785,1.269,"9","Citrus × limonimedica Lush. var. cedratiformis Lush. (= Citrus medica × C. maxima)","Cedro",1,0,1,0
"s6",5,0.779,0.157,0.129,8.212,4.374,3.857,0.533,0.036,0.202,0.095,0.822,1.134,"9","Citrus × limonimedica Lush. var. cedratiformis Lush. (= Citrus medica × C. maxima)","Cedro",1,0,1,0
"s7",1,0.632,0.123,0.105,6.397,3.511,2.994,0.549,0.035,0.195,0.099,0.854,1.173,"56","Citrus × limon (L.) Burm. f. var. limon  (= Citrus medica × (C. maxima × C. reticulata)","Amalphitanum",1,1,1,0
"s7",2,0.711,0.168,0.139,9.494,4.683,4.763,0.493,0.036,0.236,0.075,0.827,0.983,"56","Citrus × limon (L.) Burm. f. var. limon  (= Citrus medica × (C. maxima × C. reticulata)","Amalphitanum",1,1,1,0
"s7",6,1.165,0.21,0.133,9.154,4.827,3.851,0.527,0.044,0.18,0.127,0.633,1.253,"56","Citrus × limon (L.) Burm. f. var. limon  (= Citrus medica × (C. maxima × C. reticulata)","Amalphitanum",1,1,1,0
"s8",1,2.072,0.836,0.161,7.732,5.582,3.679,0.722,0.15,0.403,0.268,0.193,1.517,"106","Citrus × limonimedica Lush. var. cedratiformis Lush. (= Citrus medica × C. maxima)","""Sanctus Dominicus"" ",1,0,1,0
"s8",2,1.527,0.53,0.16,7.11,3.717,4.206,0.523,0.143,0.347,0.215,0.302,0.884,"106","Citrus × limonimedica Lush. var. cedratiformis Lush. (= Citrus medica × C. maxima)","""Sanctus Dominicus"" ",1,0,1,0
"s8",3,2.493,0.989,0.161,8.098,5.967,4.268,0.737,0.166,0.397,0.308,0.163,1.398,"106","Citrus × limonimedica Lush. var. cedratiformis Lush. (= Citrus medica × C. maxima)","""Sanctus Dominicus"" ",1,0,1,0
"s9",5,0.997,0.182,0.144,8.582,4.261,5.327,0.497,0.043,0.183,0.116,0.791,0.8,"48","Citrus × aurantium L. var. sinensis L. (=Citrus sinensis (L.) Osbeck, = Citrus maxima × C. reticulata)","Vaniglia apireno di Ribera",0,1,1,0
"s9",6,0.317,0.146,0.135,5.717,3.364,2.639,0.588,0.043,0.461,0.055,0.925,1.275,"48","Citrus × aurantium L. var. sinensis L. (=Citrus sinensis (L.) Osbeck, = Citrus maxima × C. reticulata)","Vaniglia apireno di Ribera",0,1,1,0
"s9",2,0.569,0.134,0.111,4.484,3.017,1.536,0.673,0.044,0.236,0.127,0.828,1.964,"48","Citrus × aurantium L. var. sinensis L. (=Citrus sinensis (L.) Osbeck, = Citrus maxima × C. reticulata)","Vaniglia apireno di Ribera",0,1,1,0
"t1",3,0.757,0.164,0.13,9.838,4.82,4.748,0.49,0.034,0.217,0.077,0.793,1.015,"4","Citrus × limon (L.) Burm. f. var. limon  (= Citrus medica × (C. maxima × C. reticulata)","Lunario",1,1,1,0
"t1",4,0.585,0.14,0.119,8.372,4.094,3.834,0.489,0.034,0.239,0.07,0.85,1.068,"4","Citrus × limon (L.) Burm. f. var. limon  (= Citrus medica × (C. maxima × C. reticulata)","Lunario",1,1,1,0
"t1",5,1.167,0.197,0.189,11.385,5.895,5.084,0.518,0.033,0.169,0.103,0.959,1.16,"4","Citrus × limon (L.) Burm. f. var. limon  (= Citrus medica × (C. maxima × C. reticulata)","Lunario",1,1,1,0
"t2",2,0.797,0.146,0.123,7.3,3.349,3.406,0.459,0.044,0.183,0.109,0.846,0.984,"4","Citrus × limon (L.) Burm. f. var. limon  (= Citrus medica × (C. maxima × C. reticulata)","Lunario",1,1,1,0
"t2",4,0.87,0.153,0.109,8.507,4.27,4.005,0.502,0.036,0.176,0.102,0.712,1.066,"4","Citrus × limon (L.) Burm. f. var. limon  (= Citrus medica × (C. maxima × C. reticulata)","Lunario",1,1,1,0
"t2",7,0.897,0.22,0.152,10.777,5.83,6.208,0.541,0.038,0.245,0.083,0.693,0.939,"4","Citrus × limon (L.) Burm. f. var. limon  (= Citrus medica × (C. maxima × C. reticulata)","Lunario",1,1,1,0
"t3",4,0.816,0.151,0.13,9.277,4.787,4.522,0.516,0.032,0.185,0.088,0.857,1.059,"5","Citrus × limon (L.) Burm. f. var. limon  (= Citrus medica × (C. maxima × C. reticulata)","Limone ACB",1,1,1,0
"t3",5,0.809,0.137,0.135,8.106,4.984,2.898,0.615,0.027,0.169,0.1,0.989,1.72,"5","Citrus × limon (L.) Burm. f. var. limon  (= Citrus medica × (C. maxima × C. reticulata)","Limone ACB",1,1,1,0
"t3",6,0.928,0.184,0.148,9.697,4.805,5.068,0.496,0.038,0.198,0.096,0.805,0.948,"5","Citrus × limon (L.) Burm. f. var. limon  (= Citrus medica × (C. maxima × C. reticulata)","Limone ACB",1,1,1,0
"t4",4,0.951,0.179,0.167,8.31,5.359,4.087,0.645,0.033,0.188,0.114,0.933,1.311,"6","Citrus × limon (L.) Burm. f. var. limon  (= Citrus medica × (C. maxima × C. reticulata)","Bianco",1,1,1,0
"t4",3,0.636,0.113,0.109,7.286,4.336,3.496,0.595,0.026,0.178,0.087,0.965,1.24,"6","Citrus × limon (L.) Burm. f. var. limon  (= Citrus medica × (C. maxima × C. reticulata)","Bianco",1,1,1,0
"t4",5,0.707,0.188,0.155,11.366,7.417,5.289,0.653,0.025,0.266,0.062,0.824,1.402,"6","Citrus × limon (L.) Burm. f. var. limon  (= Citrus medica × (C. maxima × C. reticulata)","Bianco",1,1,1,0
"t5",2,0.794,0.188,0.149,8.125,4.618,4.041,0.568,0.041,0.237,0.098,0.793,1.143,"8","Citrus × limon (L.) Burm. f. var. limon  (= Citrus medica × (C. maxima × C. reticulata)","Limone",1,1,1,0
"t5",3,0.812,0.175,0.148,8.972,4.013,5.579,0.447,0.044,0.216,0.091,0.846,0.719,"8","Citrus × limon (L.) Burm. f. var. limon  (= Citrus medica × (C. maxima × C. reticulata)","Limone",1,1,1,0
"t5",4,0.64,0.177,0.145,9.067,4.378,4.718,0.483,0.04,0.277,0.071,0.819,0.928,"8","Citrus × limon (L.) Burm. f. var. limon  (= Citrus medica × (C. maxima × C. reticulata)","Limone",1,1,1,0
"t6",1,0.837,0.221,0.165,7.094,4.779,2.61,0.674,0.046,0.264,0.118,0.747,1.831,"107","Citrus × limonimedica Lush. var. cedratiformis Lush. (= Citrus medica × C. maxima)","""Piretto""",1,0,1,0
"t6",2,0.632,0.205,0.168,9.191,4.657,4.304,0.507,0.044,0.324,0.069,0.82,1.082,"107","Citrus × limonimedica Lush. var. cedratiformis Lush. (= Citrus medica × C. maxima)","""Piretto""",1,0,1,0
"t7",5,0.869,0.193,0.138,9.321,4.407,4.315,0.473,0.044,0.222,0.093,0.715,1.021,"10","Citrus × limon (L.) Burm. f. var. limon (= Citrus medica × (C. maxima × C. reticulata)","Incannellato",1,1,1,0
"t7",3,1.013,0.223,0.171,11.756,6.287,4.936,0.535,0.035,0.22,0.086,0.767,1.274,"10","Citrus × limon (L.) Burm. f. var. limon (= Citrus medica × (C. maxima × C. reticulata)","Incannellato",1,1,1,0
"t7",7,1.553,0.266,0.204,11.802,5.855,6.363,0.496,0.045,0.171,0.132,0.767,0.92,"10","Citrus × limon (L.) Burm. f. var. limon (= Citrus medica × (C. maxima × C. reticulata)","Incannellato",1,1,1,0
"t8",1,1.528,0.23,0.155,7.571,4.798,2.797,0.634,0.048,0.151,0.202,0.674,1.715,"108","Citrus × lumia Risso & Poit. (= Citrus maxima × C. medica) ","di Sarzana",1,0,1,0
"t8",3,1.159,0.212,0.14,5.498,3.222,2.043,0.586,0.066,0.183,0.211,0.66,1.577,"108","Citrus × lumia Risso & Poit. (= Citrus maxima × C. medica) ","di Sarzana",1,0,1,0
"t8",4,1.583,0.241,0.159,8.056,4.311,3.612,0.535,0.056,0.152,0.196,0.66,1.194,"108","Citrus × lumia Risso & Poit. (= Citrus maxima × C. medica) ","di Sarzana",1,0,1,0
"t9",1,0.676,0.194,0.164,9.172,5.076,4.934,0.553,0.038,0.287,0.074,0.845,1.029,"16","Citrus × limon (L.) Burm. f. var. limon  (= Citrus medica × (C. maxima × C. reticulata)","Variegado",1,1,1,0
"t9",3,0.725,0.201,0.183,11.833,6.449,7.049,0.545,0.031,0.277,0.061,0.91,0.915,"16","Citrus × limon (L.) Burm. f. var. limon  (= Citrus medica × (C. maxima × C. reticulata)","Variegado",1,1,1,0
"t9",6,0.803,0.216,0.169,9.18,5.348,3.842,0.583,0.04,0.269,0.087,0.782,1.392,"16","Citrus × limon (L.) Burm. f. var. limon  (= Citrus medica × (C. maxima × C. reticulata)","Variegado",1,1,1,0
"u1",2,1.139,0.161,0.107,8.358,3.697,4.381,0.442,0.044,0.141,0.136,0.665,0.844,"4","Citrus × limon (L.) Burm. f. var. limon  (= Citrus medica × (C. maxima × C. reticulata)","Lunario",1,1,1,0
"u1",3,0.801,0.218,0.205,8.851,5.031,4.91,0.568,0.043,0.272,0.09,0.94,1.025,"4","Citrus × limon (L.) Burm. f. var. limon  (= Citrus medica × (C. maxima × C. reticulata)","Lunario",1,1,1,0
"u1",6,0.826,0.183,0.158,8.534,4.124,4.946,0.483,0.044,0.222,0.097,0.863,0.834,"4","Citrus × limon (L.) Burm. f. var. limon  (= Citrus medica × (C. maxima × C. reticulata)","Lunario",1,1,1,0
"u2",3,0.716,0.224,0.198,9.418,4.856,5.056,0.516,0.046,0.313,0.076,0.884,0.96,"4","Citrus × limon (L.) Burm. f. var. limon  (= Citrus medica × (C. maxima × C. reticulata)","Lunario",1,1,1,0
"u2",4,0.794,0.246,0.227,10.809,5.709,6.166,0.528,0.043,0.31,0.073,0.923,0.926,"4","Citrus × limon (L.) Burm. f. var. limon  (= Citrus medica × (C. maxima × C. reticulata)","Lunario",1,1,1,0
"u2",5,0.688,0.168,0.149,7.852,3.59,3.891,0.457,0.047,0.244,0.088,0.887,0.923,"4","Citrus × limon (L.) Burm. f. var. limon  (= Citrus medica × (C. maxima × C. reticulata)","Lunario",1,1,1,0
"u3",2,0.782,0.19,0.169,9.576,4.355,4.983,0.455,0.044,0.243,0.082,0.889,0.874,"5","Citrus × limon (L.) Burm. f. var. limon  (= Citrus medica × (C. maxima × C. reticulata)","Limone ACB",1,1,1,0
"u3",5,0.642,0.194,0.189,8.792,4.813,4.029,0.547,0.04,0.302,0.073,0.974,1.195,"5","Citrus × limon (L.) Burm. f. var. limon  (= Citrus medica × (C. maxima × C. reticulata)","Limone ACB",1,1,1,0
"u3",6,0.98,0.205,0.195,10.75,5.354,5.597,0.498,0.038,0.209,0.091,0.951,0.957,"5","Citrus × limon (L.) Burm. f. var. limon  (= Citrus medica × (C. maxima × C. reticulata)","Limone ACB",1,1,1,0
"u4",3,0.636,0.172,0.168,6.763,4.118,3.425,0.609,0.042,0.27,0.094,0.977,1.202,"6","Citrus × limon (L.) Burm. f. var. limon  (= Citrus medica × (C. maxima × C. reticulata)","Bianco",1,1,1,0
"u4",4,0.72,0.223,0.187,8.377,4.839,3.531,0.578,0.046,0.31,0.086,0.839,1.37,"6","Citrus × limon (L.) Burm. f. var. limon  (= Citrus medica × (C. maxima × C. reticulata)","Bianco",1,1,1,0
"u4",5,0.637,0.179,0.151,6.828,4.27,3.169,0.625,0.042,0.281,0.093,0.844,1.347,"6","Citrus × limon (L.) Burm. f. var. limon  (= Citrus medica × (C. maxima × C. reticulata)","Bianco",1,1,1,0
"u5",1,1.007,0.383,0.096,4.666,2,3.007,0.429,0.192,0.38,0.216,0.251,0.665,"109","Citrus × lumia Risso & Poit. (= Citrus maxima × C. medica) ","di Napoli",1,0,1,0
"u5",2,1.655,0.939,0.124,7.546,3.863,4.546,0.512,0.243,0.567,0.219,0.132,0.85,"109","Citrus × lumia Risso & Poit. (= Citrus maxima × C. medica) ","di Napoli",1,0,1,0
"u5",4,1.416,0.658,0.121,7.127,2.856,4.827,0.401,0.23,0.465,0.199,0.184,0.592,"109","Citrus × lumia Risso & Poit. (= Citrus maxima × C. medica) ","di Napoli",1,0,1,0
"u6",3,0.742,0.199,0.185,8.314,3.824,3.571,0.46,0.052,0.268,0.089,0.93,1.071,"9","Citrus × limonimedica Lush. var. cedratiformis Lush. (= Citrus medica × C. maxima)","Cedro",1,0,1,0
"u6",4,0.493,0.138,0.114,4.847,2.187,2.214,0.451,0.063,0.28,0.102,0.826,0.988,"9","Citrus × limonimedica Lush. var. cedratiformis Lush. (= Citrus medica × C. maxima)","Cedro",1,0,1,0
"u6",5,0.826,0.165,0.132,5.621,2.738,2.147,0.487,0.06,0.2,0.147,0.8,1.275,"9","Citrus × limonimedica Lush. var. cedratiformis Lush. (= Citrus medica × C. maxima)","Cedro",1,0,1,0
"u7",1,1.163,0.272,0.2,8.833,5.147,4.155,0.583,0.053,0.234,0.132,0.735,1.239,"57","Citrus × limon (L.) Burm. f. var. limon (= Citrus medica × (C. maxima × C. reticulata) ","Incannellato",1,1,1,0
"u7",2,0.853,0.218,0.179,8.278,5.092,3.35,0.615,0.043,0.256,0.103,0.821,1.52,"57","Citrus × limon (L.) Burm. f. var. limon (= Citrus medica × (C. maxima × C. reticulata) ","Incannellato",1,1,1,0
"u7",5,0.576,0.222,0.193,9.891,5.256,4.415,0.531,0.042,0.385,0.058,0.869,1.19,"57","Citrus × limon (L.) Burm. f. var. limon (= Citrus medica × (C. maxima × C. reticulata) ","Incannellato",1,1,1,0
"u8",1,0.725,0.22,0.206,10.063,4.949,4.527,0.492,0.044,0.303,0.072,0.936,1.093,"13","Citrus × limon (L.) Burm. f. var. limon  (= Citrus medica × (C. maxima × C. reticulata)","Eureka",1,1,1,0
"u8",2,0.683,0.212,0.199,9.988,5.803,4.971,0.581,0.037,0.31,0.068,0.939,1.167,"13","Citrus × limon (L.) Burm. f. var. limon  (= Citrus medica × (C. maxima × C. reticulata)","Eureka",1,1,1,0
"u8",6,0.714,0.191,0.171,9.049,4.855,4.787,0.537,0.039,0.268,0.079,0.895,1.014,"13","Citrus × limon (L.) Burm. f. var. limon  (= Citrus medica × (C. maxima × C. reticulata)","Eureka",1,1,1,0
"u9",1,0.676,0.206,0.193,9.171,5.005,5.118,0.546,0.041,0.305,0.074,0.937,0.978,"13","Citrus × limon (L.) Burm. f. var. limon  (= Citrus medica × (C. maxima × C. reticulata)","Eureka",1,1,1,0
"u9",7,0.648,0.227,0.195,9.834,4.624,5.477,0.47,0.049,0.35,0.066,0.859,0.844,"13","Citrus × limon (L.) Burm. f. var. limon  (= Citrus medica × (C. maxima × C. reticulata)","Eureka",1,1,1,0
"u9",5,0.487,0.151,0.131,5.783,3.028,3.484,0.524,0.05,0.31,0.084,0.868,0.869,"13","Citrus × limon (L.) Burm. f. var. limon  (= Citrus medica × (C. maxima × C. reticulata)","Eureka",1,1,1,0
"v1",1,0.877,0.205,0.176,9.498,5.154,5.29,0.543,0.04,0.234,0.092,0.859,0.974,"4","Citrus × limon (L.) Burm. f. var. limon  (= Citrus medica × (C. maxima × C. reticulata)","Lunario",1,1,1,0
"v1",5,0.943,0.22,0.186,9.521,4.814,5.017,0.506,0.046,0.233,0.099,0.845,0.96,"4","Citrus × limon (L.) Burm. f. var. limon  (= Citrus medica × (C. maxima × C. reticulata)","Lunario",1,1,1,0
"v1",6,1.6,0.202,0.167,9.435,5.594,4.586,0.593,0.036,0.126,0.17,0.827,1.22,"4","Citrus × limon (L.) Burm. f. var. limon  (= Citrus medica × (C. maxima × C. reticulata)","Lunario",1,1,1,0
"v2",4,0.958,0.262,0.24,12.055,6.102,7.846,0.506,0.043,0.273,0.079,0.916,0.778,"4","Citrus × limon (L.) Burm. f. var. limon  (= Citrus medica × (C. maxima × C. reticulata)","Lunario",1,1,1,0
"v2",5,0.948,0.267,0.25,12.356,6.206,7.791,0.502,0.043,0.282,0.077,0.936,0.797,"4","Citrus × limon (L.) Burm. f. var. limon  (= Citrus medica × (C. maxima × C. reticulata)","Lunario",1,1,1,0
"v2",6,0.92,0.24,0.206,11.997,5.681,7.072,0.474,0.042,0.261,0.077,0.858,0.803,"4","Citrus × limon (L.) Burm. f. var. limon  (= Citrus medica × (C. maxima × C. reticulata)","Lunario",1,1,1,0
"v3",2,0.918,0.198,0.176,8.351,5.167,3.273,0.619,0.038,0.216,0.11,0.889,1.579,"5","Citrus × limon (L.) Burm. f. var. limon  (= Citrus medica × (C. maxima × C. reticulata)","Limone ACB",1,1,1,0
"v3",5,0.745,0.192,0.171,8.592,4.214,4.622,0.49,0.046,0.258,0.087,0.891,0.912,"5","Citrus × limon (L.) Burm. f. var. limon  (= Citrus medica × (C. maxima × C. reticulata)","Limone ACB",1,1,1,0
"v3",4,0.7,0.203,0.179,9.809,4.591,5.889,0.468,0.044,0.29,0.071,0.882,0.78,"5","Citrus × limon (L.) Burm. f. var. limon  (= Citrus medica × (C. maxima × C. reticulata)","Limone ACB",1,1,1,0
"v4",3,0.609,0.195,0.172,8.099,4.784,3.117,0.591,0.041,0.32,0.075,0.882,1.535,"6","Citrus × limon (L.) Burm. f. var. limon  (= Citrus medica × (C. maxima × C. reticulata)","Bianco",1,1,1,0
"v4",4,0.528,0.19,0.158,7.175,4.409,3.765,0.614,0.043,0.36,0.074,0.832,1.171,"6","Citrus × limon (L.) Burm. f. var. limon  (= Citrus medica × (C. maxima × C. reticulata)","Bianco",1,1,1,0
"v4",5,0.56,0.185,0.171,7.553,4.233,3.763,0.56,0.044,0.33,0.074,0.924,1.125,"6","Citrus × limon (L.) Burm. f. var. limon  (= Citrus medica × (C. maxima × C. reticulata)","Bianco",1,1,1,0
"v5",1,0.738,0.226,0.186,8.928,4.454,5.08,0.499,0.051,0.306,0.083,0.823,0.877,"8","Citrus × limon (L.) Burm. f. var. limon  (= Citrus medica × (C. maxima × C. reticulata)","Limone",1,1,1,0
"v5",2,0.89,0.203,0.176,8.905,4.861,4.749,0.546,0.042,0.228,0.1,0.867,1.024,"8","Citrus × limon (L.) Burm. f. var. limon  (= Citrus medica × (C. maxima × C. reticulata)","Limone",1,1,1,0
"v5",6,1.167,0.205,0.183,9.7,5.546,4.925,0.572,0.037,0.176,0.12,0.893,1.126,"8","Citrus × limon (L.) Burm. f. var. limon  (= Citrus medica × (C. maxima × C. reticulata)","Limone",1,1,1,0
"v6",1,1.229,0.213,0.171,14.118,5.835,7.881,0.413,0.037,0.173,0.087,0.803,0.74,"110","Citrus × lumia Risso & Poit. (= Citrus maxima × C. medica) ","""Pomum Adami""",1,0,1,0
"v6",2,1.365,0.273,0.213,10.399,7.511,5.27,0.722,0.036,0.2,0.131,0.78,1.425,"110","Citrus × lumia Risso & Poit. (= Citrus maxima × C. medica) ","""Pomum Adami""",1,0,1,0
"v6",3,1.299,0.205,0.144,7.861,5.254,4.299,0.668,0.039,0.158,0.165,0.702,1.222,"110","Citrus × lumia Risso & Poit. (= Citrus maxima × C. medica) ","""Pomum Adami""",1,0,1,0
"v7",2,0.713,0.192,0.168,10.215,5.055,6.05,0.495,0.038,0.269,0.07,0.875,0.836,"11","Citrus × limon (L.) Burm. f. var. limon  (= Citrus medica × (C. maxima × C. reticulata)","Portoghese",1,1,1,0
"v7",4,0.816,0.274,0.256,12.455,6.709,7.664,0.539,0.041,0.336,0.066,0.934,0.875,"11","Citrus × limon (L.) Burm. f. var. limon  (= Citrus medica × (C. maxima × C. reticulata)","Portoghese",1,1,1,0
"v7",6,0.741,0.224,0.201,8.646,5.099,5.153,0.59,0.044,0.302,0.086,0.897,0.99,"11","Citrus × limon (L.) Burm. f. var. limon  (= Citrus medica × (C. maxima × C. reticulata)","Portoghese",1,1,1,0
"v8",2,0.388,0.194,0.166,6.406,3.492,3.73,0.545,0.056,0.5,0.061,0.856,0.936,"58","Citrus × limon (L.) Burm. f. var. limon  (= Citrus medica × (C. maxima × C. reticulata)","Peretta",1,1,1,0
"v8",4,0.53,0.177,0.161,7.37,3.515,4.043,0.477,0.05,0.334,0.072,0.91,0.869,"58","Citrus × limon (L.) Burm. f. var. limon  (= Citrus medica × (C. maxima × C. reticulata)","Peretta",1,1,1,0
"v8",6,0.399,0.176,0.152,5.15,3.192,2.607,0.62,0.055,0.441,0.077,0.864,1.224,"58","Citrus × limon (L.) Burm. f. var. limon  (= Citrus medica × (C. maxima × C. reticulata)","Peretta",1,1,1,0
"v9",1,0.635,0.176,0.155,7.802,4.544,3.962,0.582,0.039,0.277,0.081,0.881,1.147,"13","Citrus × limon (L.) Burm. f. var. limon  (= Citrus medica × (C. maxima × C. reticulata)","Eureka",1,1,1,0
"v9",5,0.811,0.216,0.169,11.608,6.516,6.189,0.561,0.033,0.266,0.07,0.782,1.053,"13","Citrus × limon (L.) Burm. f. var. limon  (= Citrus medica × (C. maxima × C. reticulata)","Eureka",1,1,1,0
"v9",6,0.683,0.184,0.155,11.031,6.097,6.294,0.553,0.03,0.269,0.062,0.842,0.969,"13","Citrus × limon (L.) Burm. f. var. limon  (= Citrus medica × (C. maxima × C. reticulata)","Eureka",1,1,1,0
"w1",4,0.666,0.122,0.089,6.589,3.047,3.18,0.462,0.04,0.183,0.101,0.73,0.958,"4","Citrus × limon (L.) Burm. f. var. limon  (= Citrus medica × (C. maxima × C. reticulata)","Lunario",1,1,1,0
"w1",6,0.903,0.188,0.15,11.471,5.974,5.821,0.521,0.031,0.208,0.079,0.798,1.026,"4","Citrus × limon (L.) Burm. f. var. limon  (= Citrus medica × (C. maxima × C. reticulata)","Lunario",1,1,1,0
"w1",2,0.737,0.154,0.136,9.019,4.78,4.018,0.53,0.032,0.209,0.082,0.883,1.19,"4","Citrus × limon (L.) Burm. f. var. limon  (= Citrus medica × (C. maxima × C. reticulata)","Lunario",1,1,1,0
"w2",2,0.831,0.16,0.141,8.021,3.792,3.946,0.473,0.042,0.193,0.104,0.881,0.961,"4","Citrus × limon (L.) Burm. f. var. limon  (= Citrus medica × (C. maxima × C. reticulata)","Lunario",1,1,1,0
"w2",4,0.93,0.266,0.221,12.278,6.108,6.067,0.497,0.044,0.286,0.076,0.831,1.007,"4","Citrus × limon (L.) Burm. f. var. limon  (= Citrus medica × (C. maxima × C. reticulata)","Lunario",1,1,1,0
"w2",6,0.89,0.2,0.167,8.783,4.154,4.483,0.473,0.048,0.225,0.101,0.835,0.927,"4","Citrus × limon (L.) Burm. f. var. limon  (= Citrus medica × (C. maxima × C. reticulata)","Lunario",1,1,1,0
"w3",3,1.006,0.173,0.146,9.475,4.898,5.002,0.517,0.035,0.172,0.106,0.844,0.979,"12","Citrus × limon (L.) Burm. f. var. limon  (= Citrus medica × (C. maxima × C. reticulata)","Verna",1,1,1,0
"w3",1,0.817,0.175,0.143,9.858,5.196,5.677,0.527,0.034,0.214,0.083,0.817,0.915,"12","Citrus × limon (L.) Burm. f. var. limon  (= Citrus medica × (C. maxima × C. reticulata)","Verna",1,1,1,0
"w3",5,0.866,0.153,0.127,10.749,5.368,5.7,0.499,0.029,0.177,0.081,0.83,0.942,"12","Citrus × limon (L.) Burm. f. var. limon  (= Citrus medica × (C. maxima × C. reticulata)","Verna",1,1,1,0
"w4",3,0.718,0.178,0.15,7.575,4.79,4.569,0.632,0.037,0.248,0.095,0.843,1.048,"6","Citrus × limon (L.) Burm. f. var. limon  (= Citrus medica × (C. maxima × C. reticulata)","Bianco",1,1,1,0
"w4",4,0.698,0.153,0.136,8.935,5.028,4.497,0.563,0.03,0.219,0.078,0.889,1.118,"6","Citrus × limon (L.) Burm. f. var. limon  (= Citrus medica × (C. maxima × C. reticulata)","Bianco",1,1,1,0
"w4",2,0.593,0.18,0.159,9.054,5.641,4.809,0.623,0.032,0.304,0.065,0.883,1.173,"6","Citrus × limon (L.) Burm. f. var. limon  (= Citrus medica × (C. maxima × C. reticulata)","Bianco",1,1,1,0
"w5",1,0.669,0.134,0.119,7.721,4.113,4.311,0.533,0.033,0.2,0.087,0.888,0.954,"8","Citrus × limon (L.) Burm. f. var. limon  (= Citrus medica × (C. maxima × C. reticulata)","Limone",1,1,1,0
"w5",2,0.751,0.214,0.178,8.165,4.34,4.155,0.532,0.049,0.285,0.092,0.832,1.045,"8","Citrus × limon (L.) Burm. f. var. limon  (= Citrus medica × (C. maxima × C. reticulata)","Limone",1,1,1,0
"w5",6,0.747,0.202,0.177,9.017,4.944,5.435,0.548,0.041,0.27,0.083,0.876,0.91,"8","Citrus × limon (L.) Burm. f. var. limon  (= Citrus medica × (C. maxima × C. reticulata)","Limone",1,1,1,0
"w6",5,0.553,0.131,0.121,6.385,2.868,3.215,0.449,0.046,0.237,0.087,0.924,0.892,"8","Citrus × limon (L.) Burm. f. var. limon  (= Citrus medica × (C. maxima × C. reticulata)","Limone",1,1,1,0
"w6",4,0.611,0.136,0.102,6.081,2.826,2.717,0.465,0.048,0.223,0.1,0.75,1.04,"8","Citrus × limon (L.) Burm. f. var. limon  (= Citrus medica × (C. maxima × C. reticulata)","Limone",1,1,1,0
"w6",3,0.827,0.177,0.157,9.199,5.092,3.678,0.554,0.035,0.214,0.09,0.887,1.384,"8","Citrus × limon (L.) Burm. f. var. limon  (= Citrus medica × (C. maxima × C. reticulata)","Limone",1,1,1,0
"w7",2,0.786,0.15,0.123,8.107,3.353,4.062,0.414,0.045,0.191,0.097,0.82,0.825,"57","Citrus × limon (L.) Burm. f. var. limon (= Citrus medica × (C. maxima × C. reticulata) ","Incannellato",1,1,1,0
"w7",4,0.756,0.147,0.125,9.736,3.789,4.884,0.389,0.039,0.194,0.078,0.85,0.776,"57","Citrus × limon (L.) Burm. f. var. limon (= Citrus medica × (C. maxima × C. reticulata) ","Incannellato",1,1,1,0
"w7",6,0.743,0.142,0.121,7.625,3.334,3.723,0.437,0.043,0.191,0.097,0.852,0.896,"57","Citrus × limon (L.) Burm. f. var. limon (= Citrus medica × (C. maxima × C. reticulata) ","Incannellato",1,1,1,0
"w8",4,0.61,0.141,0.109,6.846,4.553,3.455,0.665,0.031,0.231,0.089,0.773,1.318,"16a","Citrus × limon (L.) Burm. f. var. limon  (= Citrus medica × (C. maxima × C. reticulata)","Fino",1,1,1,0
"w8",5,0.68,0.166,0.13,8.73,4.565,5.126,0.523,0.036,0.244,0.078,0.783,0.891,"16a","Citrus × limon (L.) Burm. f. var. limon  (= Citrus medica × (C. maxima × C. reticulata)","Fino",1,1,1,0
"w8",6,0.875,0.165,0.147,9.276,5.129,4.463,0.553,0.032,0.189,0.094,0.891,1.149,"16a","Citrus × limon (L.) Burm. f. var. limon  (= Citrus medica × (C. maxima × C. reticulata)","Fino",1,1,1,0
"w9",2,0.713,0.158,0.124,9.171,4.626,5.081,0.504,0.034,0.222,0.078,0.785,0.91,"16a","Citrus × limon (L.) Burm. f. var. limon  (= Citrus medica × (C. maxima × C. reticulata)","Fino",1,1,1,0
"w9",3,0.574,0.163,0.098,6.184,2.885,3.396,0.467,0.056,0.284,0.093,0.601,0.85,"16a","Citrus × limon (L.) Burm. f. var. limon  (= Citrus medica × (C. maxima × C. reticulata)","Fino",1,1,1,0
"w9",6,0.28,0.088,0.056,2.986,1.122,1.313,0.376,0.078,0.314,0.094,0.636,0.855,"16a","Citrus × limon (L.) Burm. f. var. limon  (= Citrus medica × (C. maxima × C. reticulata)","Fino",1,1,1,0
"x1",4,0.887,0.406,0.136,7.766,4.704,4.229,0.606,0.086,0.458,0.114,0.335,1.112,"3","Citrus × latifolia (Tanaka ex Yu. Tanaka) Tanaka (= Citrus × aurantiifolia × C. × limon)","Bearss",1,1,1,1
"x1",5,0.806,0.21,0.101,5.361,3.239,2.937,0.604,0.065,0.261,0.15,0.481,1.103,"3","Citrus × latifolia (Tanaka ex Yu. Tanaka) Tanaka (= Citrus × aurantiifolia × C. × limon)","Bearss",1,1,1,1
"x1",6,0.597,0.245,0.106,5.411,2.791,3.072,0.516,0.088,0.41,0.11,0.433,0.909,"3","Citrus × latifolia (Tanaka ex Yu. Tanaka) Tanaka (= Citrus × aurantiifolia × C. × limon)","Bearss",1,1,1,1
"x2",1,3.282,3.046,0.131,9.208,6.231,5.794,0.677,0.489,0.928,0.356,0.043,1.075,"101","Citrus maxima (Burm.) Merr. ","C. grandis ""Timor"" ",0,0,1,0
"x2",2,4.527,3.557,0.175,9.353,6.191,5.326,0.662,0.575,0.786,0.484,0.049,1.162,"101","Citrus maxima (Burm.) Merr. ","C. grandis ""Timor"" ",0,0,1,0
"x3",2,0.846,0.234,0.118,7.392,4.659,3.777,0.63,0.05,0.277,0.114,0.504,1.234,"1","Citrus × limon (L.) Burm.f. var. limon (= Citrus × limodulcis D.Rivera, Obón & F.Méndez, = Citrus medica × (C. maxima × C. reticulata)","Dulce",1,1,1,0
"x3",4,0.951,0.278,0.214,11.336,7.602,5.855,0.671,0.037,0.292,0.084,0.77,1.298,"1","Citrus × limon (L.) Burm.f. var. limon (= Citrus × limodulcis D.Rivera, Obón & F.Méndez, = Citrus medica × (C. maxima × C. reticulata)","Dulce",1,1,1,0
"x3",5,1.055,0.509,0.139,8.922,6.603,4.746,0.74,0.077,0.482,0.118,0.273,1.391,"1","Citrus × limon (L.) Burm.f. var. limon (= Citrus × limodulcis D.Rivera, Obón & F.Méndez, = Citrus medica × (C. maxima × C. reticulata)","Dulce",1,1,1,0
"x4",2,1.235,0.247,0.224,13.908,7.372,7.876,0.53,0.034,0.2,0.089,0.907,0.936,"16","Citrus × limon (L.) Burm. f. var. limon  (= Citrus medica × (C. maxima × C. reticulata)","Variegado",1,1,1,0
"x4",3,0.837,0.251,0.211,8.774,4.345,5.61,0.495,0.058,0.3,0.095,0.841,0.775,"16","Citrus × limon (L.) Burm. f. var. limon  (= Citrus medica × (C. maxima × C. reticulata)","Variegado",1,1,1,0
"x4",4,0.442,0.13,0.11,5.099,2.943,2.137,0.577,0.044,0.294,0.087,0.846,1.377,"16","Citrus × limon (L.) Burm. f. var. limon  (= Citrus medica × (C. maxima × C. reticulata)","Variegado",1,1,1,0
"x5",1,0.705,0.175,0.144,5.857,3.111,3.63,0.531,0.056,0.248,0.12,0.823,0.857,"16","Citrus × limon (L.) Burm. f. var. limon  (= Citrus medica × (C. maxima × C. reticulata)","Variegado",1,1,1,0
"x5",3,0.884,0.251,0.192,10.781,7.017,6.476,0.651,0.036,0.284,0.082,0.765,1.084,"16","Citrus × limon (L.) Burm. f. var. limon  (= Citrus medica × (C. maxima × C. reticulata)","Variegado",1,1,1,0
"x5",6,0.879,0.25,0.2,9.458,5.611,5.526,0.593,0.045,0.284,0.093,0.8,1.015,"16","Citrus × limon (L.) Burm. f. var. limon  (= Citrus medica × (C. maxima × C. reticulata)","Variegado",1,1,1,0
"x6",1,0.956,0.248,0.136,8.915,6.313,5.063,0.708,0.039,0.259,0.107,0.548,1.247,"3","Citrus × latifolia (Tanaka ex Yu. Tanaka) Tanaka (= Citrus × aurantiifolia × C. × limon)","Bearss",1,1,1,1
"x6",3,1.388,0.362,0.192,10.628,7.326,5,0.689,0.049,0.261,0.131,0.53,1.465,"3","Citrus × latifolia (Tanaka ex Yu. Tanaka) Tanaka (= Citrus × aurantiifolia × C. × limon)","Bearss",1,1,1,1
"x6",4,0.874,0.267,0.17,9.331,5.926,5.241,0.635,0.045,0.305,0.094,0.637,1.131,"3","Citrus × latifolia (Tanaka ex Yu. Tanaka) Tanaka (= Citrus × aurantiifolia × C. × limon)","Bearss",1,1,1,1
"x7",1,0.643,0.227,0.211,10.41,5.25,5.202,0.504,0.043,0.353,0.062,0.93,1.009,"16","Citrus × limon (L.) Burm. f. var. limon  (= Citrus medica × (C. maxima × C. reticulata)","Variegado",1,1,1,0
"x7",2,0.749,0.232,0.18,8.797,4.552,4.116,0.517,0.051,0.31,0.085,0.776,1.106,"16","Citrus × limon (L.) Burm. f. var. limon  (= Citrus medica × (C. maxima × C. reticulata)","Variegado",1,1,1,0
"x7",5,0.678,0.232,0.214,10.473,5.415,5.492,0.517,0.043,0.342,0.065,0.922,0.986,"16","Citrus × limon (L.) Burm. f. var. limon  (= Citrus medica × (C. maxima × C. reticulata)","Variegado",1,1,1,0
"x8",2,2.932,2.188,0.122,4.419,3.127,2.549,0.708,0.7,0.746,0.663,0.056,1.227,"102","Citrus maxima (Burm.) Merr. ","C. grandis ""Kao Pan"" ",0,0,1,0
"x8",4,4.037,2.627,0.145,4.815,3.478,2.831,0.722,0.755,0.651,0.838,0.055,1.229,"102","Citrus maxima (Burm.) Merr. ","C. grandis ""Kao Pan"" ",0,0,1,0
"x8",6,3.156,1.803,0.134,3.834,2.536,1.903,0.661,0.711,0.571,0.823,0.074,1.333,"102","Citrus maxima (Burm.) Merr. ","C. grandis ""Kao Pan"" ",0,0,1,0
"x9",1,0.142,0.046,0.042,1.35,0.761,0.572,0.564,0.06,0.324,0.105,0.913,1.33,"67","Citrus australasica F. Muell. var. sanguinea F. M. Bailey (= Microcitrus australasica (F. Muell.) Swingle)","Virgata",0,0,0,0
"x9",2,0.154,0.061,0.053,1.65,0.691,0.825,0.419,0.088,0.396,0.093,0.869,0.838,"67","Citrus australasica F. Muell. var. sanguinea F. M. Bailey (= Microcitrus australasica (F. Muell.) Swingle)","Virgata",0,0,0,0
"x9",6,0.143,0.045,0.036,1.467,0.751,0.538,0.512,0.06,0.315,0.097,0.8,1.396,"67","Citrus australasica F. Muell. var. sanguinea F. M. Bailey (= Microcitrus australasica (F. Muell.) Swingle)","Virgata",0,0,0,0
"x10",1,0.25,0.099,0.077,3.064,1.641,1.371,0.536,0.06,0.396,0.082,0.778,1.197,"53a","Citrus australasica F. Muell. var. australasica (= Microcitrus australasica (F. Muell.) Swingle)","Rainforest Diamond",0,0,0,0
"x10",2,0.295,0.109,0.079,3.285,1.831,1.493,0.557,0.06,0.369,0.09,0.725,1.226,"53a","Citrus australasica F. Muell. var. australasica (= Microcitrus australasica (F. Muell.) Swingle)","Rainforest Diamond",0,0,0,0
"x10",5,0.295,0.121,0.082,3.159,1.954,1.317,0.619,0.062,0.41,0.093,0.678,1.484,"53a","Citrus australasica F. Muell. var. australasica (= Microcitrus australasica (F. Muell.) Swingle)","Rainforest Diamond",0,0,0,0
"y1",1,0.624,0.267,0.105,5.364,3.073,2.969,0.573,0.087,0.428,0.116,0.393,1.035,"3","Citrus × latifolia (Tanaka ex Yu. Tanaka) Tanaka (= Citrus × aurantiifolia × C. × limon)","Bearss",1,1,1,1
"y1",2,0.785,0.205,0.13,6.28,3.332,3.661,0.531,0.062,0.261,0.125,0.634,0.91,"3","Citrus × latifolia (Tanaka ex Yu. Tanaka) Tanaka (= Citrus × aurantiifolia × C. × limon)","Bearss",1,1,1,1
"y1",6,0.876,0.355,0.122,6.419,3.575,3.353,0.557,0.099,0.405,0.136,0.344,1.066,"3","Citrus × latifolia (Tanaka ex Yu. Tanaka) Tanaka (= Citrus × aurantiifolia × C. × limon)","Bearss",1,1,1,1
"y2",1,2.134,0.798,0.145,7.81,4.667,3.954,0.598,0.171,0.374,0.273,0.182,1.18,"103","Citrus maxima (Burm.) Merr. ","C. grandis ""d'Ischia"" ",0,0,1,0
"y2",2,1.923,0.653,0.12,7.879,4.962,4.083,0.63,0.132,0.34,0.244,0.184,1.215,"103","Citrus maxima (Burm.) Merr. ","C. grandis ""d'Ischia"" ",0,0,1,0
"y2",3,2.484,0.987,0.167,9.287,6.19,4.823,0.667,0.159,0.397,0.267,0.169,1.283,"103","Citrus maxima (Burm.) Merr. ","C. grandis ""d'Ischia"" ",0,0,1,0
"y3",2,0.78,0.207,0.186,8.256,4.806,3.727,0.582,0.043,0.265,0.094,0.899,1.29,"2","Citrus × limon (L.) Burm. f. var. limon  (= Citrus medica × (C. maxima × C. reticulata)","Quatre Saisons",1,1,1,0
"y3",5,0.53,0.109,0.097,5.668,2.604,3.029,0.459,0.042,0.206,0.094,0.89,0.86,"2","Citrus × limon (L.) Burm. f. var. limon  (= Citrus medica × (C. maxima × C. reticulata)","Quatre Saisons",1,1,1,0
"y3",3,0.874,0.175,0.126,6.545,3.045,3.409,0.465,0.057,0.2,0.134,0.72,0.893,"2","Citrus × limon (L.) Burm. f. var. limon  (= Citrus medica × (C. maxima × C. reticulata)","Quatre Saisons",1,1,1,0
"y4",1,1.166,0.189,0.075,4.875,2.839,1.991,0.582,0.067,0.162,0.239,0.397,1.426,"77","Citrus × bergamia Risso","Castagnaro",1,1,1,0
"y4",3,1.114,0.206,0.106,6.373,2.871,3.458,0.45,0.072,0.185,0.175,0.515,0.83,"77","Citrus × bergamia Risso","Castagnaro",1,1,1,0
"y4",5,0.766,0.157,0.102,6.899,3.147,4.017,0.456,0.05,0.205,0.111,0.65,0.783,"77","Citrus × bergamia Risso","Castagnaro",1,1,1,0
"z1",1,1,0.555,0.147,8.156,4.889,4.464,0.599,0.114,0.555,0.123,0.265,1.095,"3","Citrus × latifolia (Tanaka ex Yu. Tanaka) Tanaka (= Citrus × aurantiifolia × C. × limon)","Bearss",1,1,1,1
"z1",2,0.822,0.319,0.172,7.897,5.556,4.272,0.704,0.057,0.388,0.104,0.539,1.301,"3","Citrus × latifolia (Tanaka ex Yu. Tanaka) Tanaka (= Citrus × aurantiifolia × C. × limon)","Bearss",1,1,1,1
"z1",5,0.489,0.163,0.124,5.246,3.147,2.664,0.6,0.052,0.333,0.093,0.761,1.181,"3","Citrus × latifolia (Tanaka ex Yu. Tanaka) Tanaka (= Citrus × aurantiifolia × C. × limon)","Bearss",1,1,1,1
"z2",3,0.865,0.21,0.17,14.036,6.104,8.673,0.435,0.034,0.243,0.062,0.81,0.704,"16a","Citrus × limon (L.) Burm. f. var. limon  (= Citrus medica × (C. maxima × C. reticulata)","Fino",1,1,1,0
"z2",4,0.886,0.238,0.226,15.574,7.237,9.033,0.465,0.033,0.269,0.057,0.95,0.801,"16a","Citrus × limon (L.) Burm. f. var. limon  (= Citrus medica × (C. maxima × C. reticulata)","Fino",1,1,1,0
"z2",6,0.987,0.233,0.209,11.637,6.598,5.868,0.567,0.035,0.236,0.085,0.897,1.124,"16a","Citrus × limon (L.) Burm. f. var. limon  (= Citrus medica × (C. maxima × C. reticulata)","Fino",1,1,1,0
"z3",4,1.485,0.187,0.134,9.42,5.38,4.652,0.571,0.035,0.126,0.158,0.717,1.156,"50","Citrus × aurantium L. var. sinensis L. (=Citrus sinensis (L.) Osbeck, = Citrus maxima × C. reticulata)","Ovale calabrese",0,1,1,0
"z3",5,1.319,0.175,0.119,9.017,4.656,4.629,0.516,0.038,0.133,0.146,0.68,1.006,"50","Citrus × aurantium L. var. sinensis L. (=Citrus sinensis (L.) Osbeck, = Citrus maxima × C. reticulata)","Ovale calabrese",0,1,1,0
"z3",6,1.119,0.262,0.105,6.624,2.62,4.273,0.396,0.1,0.234,0.169,0.401,0.613,"50","Citrus × aurantium L. var. sinensis L. (=Citrus sinensis (L.) Osbeck, = Citrus maxima × C. reticulata)","Ovale calabrese",0,1,1,0
"aa1",1,1.174,0.203,0.149,11.703,6.086,5.72,0.52,0.033,0.173,0.1,0.734,1.064,"104","Citrus medica L.","C.medica ""Saló""",1,0,0,0
"aa1",2,1.191,0.208,0.168,10.786,5.579,6.59,0.517,0.037,0.175,0.11,0.808,0.847,"104","Citrus medica L.","C.medica ""Saló""",1,0,0,0
"aa1",3,0.642,0.207,0.177,11.08,6.104,6.941,0.551,0.034,0.322,0.058,0.855,0.879,"104","Citrus medica L.","C.medica ""Saló""",1,0,0,0
"aa2",2,1.09,0.358,0.201,10.553,6.691,5.917,0.634,0.054,0.328,0.103,0.561,1.131,"3a","Citrus × limon (L.) Burm. f. var. limon  (= Citrus medica × (C. maxima × C. reticulata)","La Valette",1,1,1,0
"aa2",6,0.979,0.512,0.175,9.293,5.619,5.43,0.605,0.091,0.523,0.105,0.342,1.035,"3a","Citrus × limon (L.) Burm. f. var. limon  (= Citrus medica × (C. maxima × C. reticulata)","La Valette",1,1,1,0
"aa2",4,0.988,0.229,0.118,5.897,2.783,3.533,0.472,0.082,0.232,0.168,0.515,0.788,"3a","Citrus × limon (L.) Burm. f. var. limon  (= Citrus medica × (C. maxima × C. reticulata)","La Valette",1,1,1,0
"ab1",1,0.565,0.197,0.178,9.96,5.233,5.924,0.525,0.038,0.349,0.057,0.904,0.883,"105","Citrus medica L.","C.medica ""Ordinario""",1,0,0,0
"ab1",3,0.614,0.164,0.151,8.642,4.411,5.059,0.51,0.037,0.267,0.071,0.921,0.872,"105","Citrus medica L.","C.medica ""Ordinario""",1,0,0,0
"ab1",4,0.66,0.207,0.172,9.037,5.622,4.672,0.622,0.037,0.314,0.073,0.831,1.203,"105","Citrus medica L.","C.medica ""Ordinario""",1,0,0,0
